{
	"Type": "Live2D Expression",
	"FadeInTime": 0.5,
	"FadeOutTime": 0.5,
	"Parameters": [
		{
			"Id": "ParamEyeLOpen",
			"Value": 1,
			"Blend": "Multiply"
		},
		{
			"Id": "ParamEyeLSmile",
			"Value": 0,
			"Blend": "Add"
		},
		{
			"Id": "ParamEyeLForm",
			"Value": 1,
			"Blend": "Add"
		},
		{
			"Id": "ParamEyeROpen",
			"Value": 1,
			"Blend": "Multiply"
		},
		{
			"Id": "ParamEyeRSmile",
			"Value": 0,
			"Blend": "Add"
		},
		{
			"Id": "ParamEyeRForm",
			"Value": 1,
			"Blend": "Add"
		},
		{
			"Id": "ParamEyeballForm",
			"Value": 0,
			"Blend": "Add"
		},
		{
			"Id": "ParamBrowLY",
			"Value": -0.63,
			"Blend": "Add"
		},
		{
			"Id": "ParamBrowRY",
			"Value": -0.63,
			"Blend": "Add"
		},
		{
			"Id": "ParamBrowLX",
			"Value": -0.32,
			"Blend": "Add"
		},
		{
			"Id": "ParamBrowRX",
			"Value": -0.323,
			"Blend": "Add"
		},
		{
			"Id": "ParamBrowLAngle",
			"Value": 0.9,
			"Blend": "Add"
		},
		{
			"Id": "ParamBrowRAngle",
			"Value": 0.9,
			"Blend": "Add"
		},
		{
			"Id": "ParamBrowLForm",
			"Value": -2,
			"Blend": "Add"
		},
		{
			"Id": "ParamBrowLForm02",
			"Value": 0,
			"Blend": "Add"
		},
		{
			"Id": "ParamBrowRForm",
			"Value": -2,
			"Blend": "Add"
		},
		{
			"Id": "ParamBrowRForm02",
			"Value": 0,
			"Blend": "Add"
		},
		{
			"Id": "ParamMouthOpenY",
			"Value": 0,
			"Blend": "Add"
		},
		{
			"Id": "ParamMouthForm",
			"Value": -2,
			"Blend": "Add"
		},
		{
			"Id": "ParamMouthFrom02",
			"Value": 0,
			"Blend": "Add"
		},
		{
			"Id": "ParamTear",
			"Value": 0,
			"Blend": "Add"
		},
		{
			"Id": "ParamCheek",
			"Value": -1,
			"Blend": "Add"
		}
	]
}