{
	"Version": 3,
	"Meta": {
		"Duration": 8.57,
		"Fps": 30.0,
		"FadeInTime": 1.0,
		"FadeOutTime": 1.0,
		"Loop": true,
		"AreBeziersRestricted": false,
		"CurveCount": 75,
		"TotalSegmentCount": 110,
		"TotalPointCount": 389,
		"UserDataCount": 0,
		"TotalUserDataSize": 0
	},
	"Curves": [
		{
			"Target": "Parameter",
			"Id": "ParamAngleX",
			"Segments": [
				0,
				-5,
				1,
				1.367,
				-5,
				2.733,
				5,
				4.1,
				5,
				1,
				4.433,
				5,
				4.767,
				5,
				5.1,
				5,
				1,
				6.156,
				5,
				7.211,
				-5,
				8.267,
				-5,
				1,
				8.367,
				-5,
				8.467,
				-5,
				8.567,
				-5
			]
		},
		{
			"Target": "Parameter",
			"Id": "ParamAngleY",
			"Segments": [
				0,
				0,
				1,
				0.444,
				0,
				0.889,
				2,
				1.333,
				2,
				1,
				2.256,
				2,
				3.178,
				0,
				4.1,
				0,
				1,
				4.778,
				0,
				5.456,
				2,
				6.133,
				2,
				1,
				6.933,
				2,
				7.733,
				0,
				8.533,
				0,
				1,
				8.544,
				0,
				8.556,
				0,
				8.567,
				0
			]
		},
		{
			"Target": "Parameter",
			"Id": "ParamAngleZ",
			"Segments": [
				0,
				-11,
				1,
				0.156,
				-11,
				0.311,
				-11,
				0.467,
				-11,
				1,
				1.667,
				-11,
				2.867,
				11,
				4.067,
				11,
				1,
				4.456,
				11,
				4.844,
				11,
				5.233,
				11,
				1,
				6.344,
				11,
				7.456,
				-10.567,
				8.567,
				-10.994
			]
		},
		{
			"Target": "Parameter",
			"Id": "ParamEyeLOpen",
			"Segments": [
				0,
				1,
				1,
				2.856,
				1,
				5.711,
				1,
				8.567,
				1
			]
		},
		{
			"Target": "Parameter",
			"Id": "ParamEyeLSmile",
			"Segments": [
				0,
				0,
				1,
				2.856,
				0,
				5.711,
				0,
				8.567,
				0
			]
		},
		{
			"Target": "Parameter",
			"Id": "ParamEyeLForm",
			"Segments": [
				0,
				0,
				1,
				2.856,
				0,
				5.711,
				0,
				8.567,
				0
			]
		},
		{
			"Target": "Parameter",
			"Id": "ParamEyeROpen",
			"Segments": [
				0,
				1,
				1,
				2.856,
				1,
				5.711,
				1,
				8.567,
				1
			]
		},
		{
			"Target": "Parameter",
			"Id": "ParamEyeRSmile",
			"Segments": [
				0,
				0,
				1,
				2.856,
				0,
				5.711,
				0,
				8.567,
				0
			]
		},
		{
			"Target": "Parameter",
			"Id": "ParamEyeRForm",
			"Segments": [
				0,
				0,
				1,
				2.856,
				0,
				5.711,
				0,
				8.567,
				0
			]
		},
		{
			"Target": "Parameter",
			"Id": "ParamEyeBallX",
			"Segments": [
				0,
				0.1,
				1,
				1.367,
				0.1,
				2.733,
				-0.1,
				4.1,
				-0.1,
				1,
				4.433,
				-0.1,
				4.767,
				-0.1,
				5.1,
				-0.1,
				1,
				6.156,
				-0.1,
				7.211,
				0.1,
				8.267,
				0.1,
				1,
				8.367,
				0.1,
				8.467,
				0.1,
				8.567,
				0.1
			]
		},
		{
			"Target": "Parameter",
			"Id": "ParamEyeBallY",
			"Segments": [
				0,
				0.003,
				1,
				2.856,
				0.003,
				5.711,
				0.003,
				8.567,
				0.003
			]
		},
		{
			"Target": "Parameter",
			"Id": "ParamEyeballForm",
			"Segments": [
				0,
				0,
				1,
				2.856,
				0,
				5.711,
				0,
				8.567,
				0
			]
		},
		{
			"Target": "Parameter",
			"Id": "ParamBrowLY",
			"Segments": [
				0,
				0,
				1,
				2.856,
				0,
				5.711,
				0,
				8.567,
				0
			]
		},
		{
			"Target": "Parameter",
			"Id": "ParamBrowRY",
			"Segments": [
				0,
				0,
				1,
				2.856,
				0,
				5.711,
				0,
				8.567,
				0
			]
		},
		{
			"Target": "Parameter",
			"Id": "ParamBrowLX",
			"Segments": [
				0,
				0,
				1,
				2.856,
				0,
				5.711,
				0,
				8.567,
				0
			]
		},
		{
			"Target": "Parameter",
			"Id": "ParamBrowRX",
			"Segments": [
				0,
				0,
				1,
				2.856,
				0,
				5.711,
				0,
				8.567,
				0
			]
		},
		{
			"Target": "Parameter",
			"Id": "ParamBrowLAngle",
			"Segments": [
				0,
				0,
				1,
				2.856,
				0,
				5.711,
				0,
				8.567,
				0
			]
		},
		{
			"Target": "Parameter",
			"Id": "ParamBrowRAngle",
			"Segments": [
				0,
				0,
				1,
				2.856,
				0,
				5.711,
				0,
				8.567,
				0
			]
		},
		{
			"Target": "Parameter",
			"Id": "ParamBrowLForm",
			"Segments": [
				0,
				0,
				1,
				2.856,
				0,
				5.711,
				0,
				8.567,
				0
			]
		},
		{
			"Target": "Parameter",
			"Id": "ParamBrowLForm02",
			"Segments": [
				0,
				0,
				1,
				2.856,
				0,
				5.711,
				0,
				8.567,
				0
			]
		},
		{
			"Target": "Parameter",
			"Id": "ParamBrowRForm",
			"Segments": [
				0,
				0,
				1,
				2.856,
				0,
				5.711,
				0,
				8.567,
				0
			]
		},
		{
			"Target": "Parameter",
			"Id": "ParamBrowRForm02",
			"Segments": [
				0,
				0,
				1,
				2.856,
				0,
				5.711,
				0,
				8.567,
				0
			]
		},
		{
			"Target": "Parameter",
			"Id": "ParamMouthOpenY",
			"Segments": [
				0,
				0,
				1,
				2.856,
				0,
				5.711,
				0,
				8.567,
				0
			]
		},
		{
			"Target": "Parameter",
			"Id": "ParamMouthForm",
			"Segments": [
				0,
				0,
				1,
				2.856,
				0,
				5.711,
				0,
				8.567,
				0
			]
		},
		{
			"Target": "Parameter",
			"Id": "ParamMouthFrom02",
			"Segments": [
				0,
				0,
				1,
				2.856,
				0,
				5.711,
				0,
				8.567,
				0
			]
		},
		{
			"Target": "Parameter",
			"Id": "ParamTear",
			"Segments": [
				0,
				0,
				1,
				2.856,
				0,
				5.711,
				0,
				8.567,
				0
			]
		},
		{
			"Target": "Parameter",
			"Id": "ParamCheek",
			"Segments": [
				0,
				0,
				1,
				2.856,
				0,
				5.711,
				0,
				8.567,
				0
			]
		},
		{
			"Target": "Parameter",
			"Id": "ParamBodyAngleX",
			"Segments": [
				0,
				-3,
				1,
				1.389,
				-3,
				2.778,
				3,
				4.167,
				3,
				1,
				5.633,
				3,
				7.1,
				-2.91,
				8.567,
				-2.999
			]
		},
		{
			"Target": "Parameter",
			"Id": "ParamBodyAngleY",
			"Segments": [
				0,
				-2,
				1,
				0.711,
				-2,
				1.422,
				2,
				2.133,
				2,
				1,
				2.911,
				2,
				3.689,
				-2,
				4.467,
				-2,
				1,
				5.111,
				-2,
				5.756,
				2,
				6.4,
				2,
				1,
				7.122,
				2,
				7.844,
				-1.88,
				8.567,
				-1.997
			]
		},
		{
			"Target": "Parameter",
			"Id": "ParamBodyAngleZ",
			"Segments": [
				0,
				-2,
				1,
				1.122,
				-2,
				2.244,
				5,
				3.367,
				5,
				1,
				4.2,
				5,
				5.033,
				4.78,
				5.867,
				2.64,
				1,
				6.478,
				1.071,
				7.089,
				-2,
				7.7,
				-2,
				1,
				7.989,
				-2,
				8.278,
				-2,
				8.567,
				-2
			]
		},
		{
			"Target": "Parameter",
			"Id": "ParamBreath",
			"Segments": [
				0,
				0,
				1,
				2.856,
				0,
				5.711,
				0,
				8.567,
				0
			]
		},
		{
			"Target": "Parameter",
			"Id": "ParamHairFront",
			"Segments": [
				0,
				0,
				1,
				2.856,
				0,
				5.711,
				0,
				8.567,
				0
			]
		},
		{
			"Target": "Parameter",
			"Id": "ParamHairSide",
			"Segments": [
				0,
				0,
				1,
				2.856,
				0,
				5.711,
				0,
				8.567,
				0
			]
		},
		{
			"Target": "Parameter",
			"Id": "ParamHairBack",
			"Segments": [
				0,
				0,
				1,
				2.856,
				0,
				5.711,
				0,
				8.567,
				0
			]
		},
		{
			"Target": "Parameter",
			"Id": "ParamCowlick",
			"Segments": [
				0,
				0,
				1,
				2.856,
				0,
				5.711,
				0,
				8.567,
				0
			]
		},
		{
			"Target": "Parameter",
			"Id": "ParamHairOrnaments",
			"Segments": [
				0,
				0,
				1,
				2.856,
				0,
				5.711,
				0,
				8.567,
				0
			]
		},
		{
			"Target": "Parameter",
			"Id": "ParamCord",
			"Segments": [
				0,
				0,
				1,
				2.856,
				0,
				5.711,
				0,
				8.567,
				0
			]
		},
		{
			"Target": "Parameter",
			"Id": "ParamWaistRibbon",
			"Segments": [
				0,
				0,
				1,
				2.856,
				0,
				5.711,
				0,
				8.567,
				0
			]
		},
		{
			"Target": "Parameter",
			"Id": "ParamFlower",
			"Segments": [
				0,
				0,
				1,
				2.856,
				0,
				5.711,
				0,
				8.567,
				0
			]
		},
		{
			"Target": "Parameter",
			"Id": "ParamHem",
			"Segments": [
				0,
				0,
				1,
				2.856,
				0,
				5.711,
				0,
				8.567,
				0
			]
		},
		{
			"Target": "Parameter",
			"Id": "ParamMantle",
			"Segments": [
				0,
				0,
				1,
				2.856,
				0,
				5.711,
				0,
				8.567,
				0
			]
		},
		{
			"Target": "Parameter",
			"Id": "ParamArmLA01",
			"Segments": [
				0,
				-5,
				1,
				2.856,
				-5,
				5.711,
				-5,
				8.567,
				-5
			]
		},
		{
			"Target": "Parameter",
			"Id": "ParamArmLA02",
			"Segments": [
				0,
				0,
				1,
				2.856,
				0,
				5.711,
				0,
				8.567,
				0
			]
		},
		{
			"Target": "Parameter",
			"Id": "ParamArmLA03",
			"Segments": [
				0,
				5,
				1,
				2.856,
				5,
				5.711,
				5,
				8.567,
				5
			]
		},
		{
			"Target": "Parameter",
			"Id": "ParamArmRA01",
			"Segments": [
				0,
				-5,
				1,
				2.856,
				-5,
				5.711,
				-5,
				8.567,
				-5
			]
		},
		{
			"Target": "Parameter",
			"Id": "ParamArmRA02",
			"Segments": [
				0,
				0,
				1,
				2.856,
				0,
				5.711,
				0,
				8.567,
				0
			]
		},
		{
			"Target": "Parameter",
			"Id": "ParamArmRA03",
			"Segments": [
				0,
				5,
				1,
				2.856,
				5,
				5.711,
				5,
				8.567,
				5
			]
		},
		{
			"Target": "Parameter",
			"Id": "ParamArmLB01",
			"Segments": [
				0,
				7,
				1,
				2.856,
				7,
				5.711,
				7,
				8.567,
				7
			]
		},
		{
			"Target": "Parameter",
			"Id": "ParamArmLB02",
			"Segments": [
				0,
				-10,
				1,
				0.733,
				-10,
				1.467,
				-9.5,
				2.2,
				-9.5,
				1,
				2.956,
				-9.5,
				3.711,
				-10,
				4.467,
				-10,
				1,
				5.111,
				-10,
				5.756,
				-9.5,
				6.4,
				-9.5,
				1,
				7.122,
				-9.5,
				7.844,
				-9.985,
				8.567,
				-10
			]
		},
		{
			"Target": "Parameter",
			"Id": "ParamArmLB03",
			"Segments": [
				0,
				6,
				1,
				0.756,
				6,
				1.511,
				5.5,
				2.267,
				5.5,
				1,
				3.022,
				5.5,
				3.778,
				6,
				4.533,
				6,
				1,
				5.167,
				6,
				5.8,
				5.5,
				6.433,
				5.5,
				1,
				7.144,
				5.5,
				7.856,
				5.985,
				8.567,
				6
			]
		},
		{
			"Target": "Parameter",
			"Id": "ParamArmRB01",
			"Segments": [
				0,
				7,
				1,
				2.856,
				7,
				5.711,
				7,
				8.567,
				7
			]
		},
		{
			"Target": "Parameter",
			"Id": "ParamArmRB02",
			"Segments": [
				0,
				-10,
				1,
				0.733,
				-10,
				1.467,
				-9.5,
				2.2,
				-9.5,
				1,
				2.956,
				-9.5,
				3.711,
				-10,
				4.467,
				-10,
				1,
				5.111,
				-10,
				5.756,
				-9.5,
				6.4,
				-9.5,
				1,
				7.122,
				-9.5,
				7.844,
				-9.985,
				8.567,
				-10
			]
		},
		{
			"Target": "Parameter",
			"Id": "ParamArmRB03",
			"Segments": [
				0,
				8,
				1,
				0.756,
				8,
				1.511,
				7.5,
				2.267,
				7.5,
				1,
				3.022,
				7.5,
				3.778,
				8,
				4.533,
				8,
				1,
				5.167,
				8,
				5.8,
				7.5,
				6.433,
				7.5,
				1,
				7.144,
				7.5,
				7.856,
				7.985,
				8.567,
				8
			]
		},
		{
			"Target": "Parameter",
			"Id": "ParamArmLC01",
			"Segments": [
				0,
				0,
				1,
				2.856,
				0,
				5.711,
				0,
				8.567,
				0
			]
		},
		{
			"Target": "Parameter",
			"Id": "ParamArmLC02",
			"Segments": [
				0,
				0,
				1,
				2.856,
				0,
				5.711,
				0,
				8.567,
				0
			]
		},
		{
			"Target": "Parameter",
			"Id": "ParamArmLC03",
			"Segments": [
				0,
				0,
				1,
				2.856,
				0,
				5.711,
				0,
				8.567,
				0
			]
		},
		{
			"Target": "Parameter",
			"Id": "ParamArmRC01",
			"Segments": [
				0,
				0,
				1,
				2.856,
				0,
				5.711,
				-1.488,
				8.567,
				-1.5
			]
		},
		{
			"Target": "Parameter",
			"Id": "ParamArmRC02",
			"Segments": [
				0,
				0,
				1,
				2.856,
				0,
				5.711,
				3.473,
				8.567,
				3.5
			]
		},
		{
			"Target": "Parameter",
			"Id": "ParamArmRC03",
			"Segments": [
				0,
				-4,
				1,
				2.856,
				-4,
				5.711,
				-12.93,
				8.567,
				-13
			]
		},
		{
			"Target": "Parameter",
			"Id": "ParamHairBackR",
			"FadeInTime": 0.5,
			"Segments": [
				0,
				-0.4,
				1,
				2.856,
				-0.4,
				5.711,
				-0.4,
				8.567,
				-0.4
			]
		},
		{
			"Target": "Parameter",
			"Id": "ParamHairBackL",
			"FadeInTime": 0.5,
			"Segments": [
				0,
				-0.4,
				1,
				2.856,
				-0.4,
				5.711,
				-0.4,
				8.567,
				-0.4
			]
		},
		{
			"Target": "Parameter",
			"Id": "ParamSoulgem",
			"Segments": [
				0,
				0,
				1,
				2.856,
				0,
				5.711,
				0,
				8.567,
				0
			]
		},
		{
			"Target": "Parameter",
			"Id": "ParamLegL",
			"Segments": [
				0,
				-2.818,
				1,
				1.478,
				-2.818,
				2.956,
				-2.3,
				4.433,
				-2.3,
				1,
				5.811,
				-2.3,
				7.189,
				-2.81,
				8.567,
				-2.818
			]
		},
		{
			"Target": "Parameter",
			"Id": "ParamLegR",
			"Segments": [
				0,
				-2.3,
				1,
				0.456,
				-2.3,
				0.911,
				-2.3,
				1.367,
				-2.3,
				1,
				2.411,
				-2.3,
				3.456,
				-2.856,
				4.5,
				-2.856,
				1,
				5.856,
				-2.856,
				7.211,
				-2.309,
				8.567,
				-2.3
			]
		},
		{
			"Target": "Parameter",
			"Id": "ParamAngleZAll",
			"Segments": [
				0,
				0,
				1,
				2.856,
				0,
				5.711,
				0,
				8.567,
				0
			]
		},
		{
			"Target": "Parameter",
			"Id": "ParamMoveLrAll",
			"Segments": [
				0,
				0,
				1,
				2.856,
				0,
				5.711,
				0,
				8.567,
				0
			]
		},
		{
			"Target": "Parameter",
			"Id": "ParamMoveUdAll",
			"Segments": [
				0,
				0,
				1,
				2.856,
				0,
				5.711,
				0,
				8.567,
				0
			]
		},
		{
			"Target": "PartOpacity",
			"Id": "Part01ArmLA00",
			"Segments": [
				0,
				0,
				0,
				8.57,
				0
			]
		},
		{
			"Target": "PartOpacity",
			"Id": "Part01ArmRA00",
			"Segments": [
				0,
				0,
				0,
				8.57,
				0
			]
		},
		{
			"Target": "PartOpacity",
			"Id": "Part01ArmLB00",
			"Segments": [
				0,
				1,
				0,
				8.57,
				1
			]
		},
		{
			"Target": "PartOpacity",
			"Id": "Part01ArmRB00",
			"Segments": [
				0,
				1,
				0,
				8.57,
				1
			]
		},
		{
			"Target": "PartOpacity",
			"Id": "Part01ArmLC00",
			"Segments": [
				0,
				0,
				0,
				8.57,
				0
			]
		},
		{
			"Target": "PartOpacity",
			"Id": "Part01ArmRC00",
			"Segments": [
				0,
				0,
				0,
				8.57,
				0
			]
		},
		{
			"Target": "PartOpacity",
			"Id": "Part01ArmLD00",
			"Segments": [
				0,
				0,
				0,
				8.57,
				0
			]
		},
		{
			"Target": "PartOpacity",
			"Id": "Part01ArmRD00",
			"Segments": [
				0,
				0,
				0,
				8.57,
				0
			]
		}
	]
}