{
	"Version": 3,
	"Meta": {
		"Duration": 2.5,
		"Fps": 30.0,
		"FadeInTime": 1.0,
		"FadeOutTime": 1.0,
		"Loop": true,
		"AreBeziersRestricted": false,
		"CurveCount": 75,
		"TotalSegmentCount": 165,
		"TotalPointCount": 420,
		"UserDataCount": 0,
		"TotalUserDataSize": 0
	},
	"Curves": [
		{
			"Target": "Parameter",
			"Id": "ParamAngleX",
			"Segments": [
				0,
				0,
				1,
				0.056,
				0,
				0.111,
				0,
				0.167,
				0,
				1,
				0.256,
				0,
				0.344,
				-4,
				0.433,
				-4,
				1,
				0.544,
				-4,
				0.656,
				0,
				0.767,
				0,
				0,
				2.5,
				0
			]
		},
		{
			"Target": "Parameter",
			"Id": "ParamAngleY",
			"Segments": [
				0,
				0,
				1,
				0.056,
				0,
				0.111,
				0,
				0.167,
				0,
				1,
				0.267,
				0,
				0.367,
				-30,
				0.467,
				-30,
				1,
				0.567,
				-30,
				0.667,
				0,
				0.767,
				0,
				1,
				0.878,
				0,
				0.989,
				-7,
				1.1,
				-7,
				1,
				1.233,
				-7,
				1.367,
				-5.298,
				1.5,
				-5.298,
				0,
				2.5,
				-5.298
			]
		},
		{
			"Target": "Parameter",
			"Id": "ParamAngleZ",
			"Segments": [
				0,
				0,
				1,
				0.056,
				0,
				0.111,
				0,
				0.167,
				0,
				1,
				0.233,
				0,
				0.3,
				-0.55,
				0.367,
				-2,
				1,
				0.544,
				-5.867,
				0.722,
				-8,
				0.9,
				-8,
				0,
				2.5,
				-8
			]
		},
		{
			"Target": "Parameter",
			"Id": "ParamEyeLOpen",
			"Segments": [
				0,
				1,
				0,
				2.5,
				1
			]
		},
		{
			"Target": "Parameter",
			"Id": "ParamEyeLSmile",
			"Segments": [
				0,
				0,
				0,
				2.5,
				0
			]
		},
		{
			"Target": "Parameter",
			"Id": "ParamEyeLForm",
			"Segments": [
				0,
				0,
				0,
				2.5,
				0
			]
		},
		{
			"Target": "Parameter",
			"Id": "ParamEyeROpen",
			"Segments": [
				0,
				1,
				0,
				2.5,
				1
			]
		},
		{
			"Target": "Parameter",
			"Id": "ParamEyeRSmile",
			"Segments": [
				0,
				0,
				0,
				2.5,
				0
			]
		},
		{
			"Target": "Parameter",
			"Id": "ParamEyeRForm",
			"Segments": [
				0,
				0,
				0,
				2.5,
				0
			]
		},
		{
			"Target": "Parameter",
			"Id": "ParamEyeBallX",
			"Segments": [
				0,
				0,
				1,
				0.056,
				0,
				0.111,
				0,
				0.167,
				0,
				1,
				0.256,
				0,
				0.344,
				0.2,
				0.433,
				0.2,
				1,
				0.544,
				0.2,
				0.656,
				0,
				0.767,
				0,
				0,
				2.5,
				0
			]
		},
		{
			"Target": "Parameter",
			"Id": "ParamEyeBallY",
			"Segments": [
				0,
				0,
				1,
				0.056,
				0,
				0.111,
				0,
				0.167,
				0,
				1,
				0.267,
				0,
				0.367,
				1,
				0.467,
				1,
				1,
				0.567,
				1,
				0.667,
				0,
				0.767,
				0,
				1,
				0.878,
				0,
				0.989,
				0.22,
				1.1,
				0.22,
				0,
				2.5,
				0.22
			]
		},
		{
			"Target": "Parameter",
			"Id": "ParamEyeballForm",
			"Segments": [
				0,
				0,
				0,
				2.5,
				0
			]
		},
		{
			"Target": "Parameter",
			"Id": "ParamBrowLY",
			"Segments": [
				0,
				0,
				0,
				2.5,
				0
			]
		},
		{
			"Target": "Parameter",
			"Id": "ParamBrowRY",
			"Segments": [
				0,
				0,
				0,
				2.5,
				0
			]
		},
		{
			"Target": "Parameter",
			"Id": "ParamBrowLX",
			"Segments": [
				0,
				0,
				0,
				2.5,
				0
			]
		},
		{
			"Target": "Parameter",
			"Id": "ParamBrowRX",
			"Segments": [
				0,
				0,
				0,
				2.5,
				0
			]
		},
		{
			"Target": "Parameter",
			"Id": "ParamBrowLAngle",
			"Segments": [
				0,
				0,
				0,
				2.5,
				0
			]
		},
		{
			"Target": "Parameter",
			"Id": "ParamBrowRAngle",
			"Segments": [
				0,
				0,
				0,
				2.5,
				0
			]
		},
		{
			"Target": "Parameter",
			"Id": "ParamBrowLForm",
			"Segments": [
				0,
				0,
				0,
				2.5,
				0
			]
		},
		{
			"Target": "Parameter",
			"Id": "ParamBrowLForm02",
			"Segments": [
				0,
				0,
				0,
				2.5,
				0
			]
		},
		{
			"Target": "Parameter",
			"Id": "ParamBrowRForm",
			"Segments": [
				0,
				0,
				0,
				2.5,
				0
			]
		},
		{
			"Target": "Parameter",
			"Id": "ParamBrowRForm02",
			"Segments": [
				0,
				0,
				0,
				2.5,
				0
			]
		},
		{
			"Target": "Parameter",
			"Id": "ParamMouthOpenY",
			"Segments": [
				0,
				0,
				0,
				2.5,
				0
			]
		},
		{
			"Target": "Parameter",
			"Id": "ParamMouthForm",
			"Segments": [
				0,
				0,
				0,
				2.5,
				0
			]
		},
		{
			"Target": "Parameter",
			"Id": "ParamMouthFrom02",
			"Segments": [
				0,
				0,
				0,
				2.5,
				0
			]
		},
		{
			"Target": "Parameter",
			"Id": "ParamTear",
			"Segments": [
				0,
				0,
				0,
				2.5,
				0
			]
		},
		{
			"Target": "Parameter",
			"Id": "ParamCheek",
			"Segments": [
				0,
				0,
				0,
				2.5,
				0
			]
		},
		{
			"Target": "Parameter",
			"Id": "ParamBodyAngleX",
			"Segments": [
				0,
				0,
				1,
				0.056,
				0,
				0.111,
				0,
				0.167,
				0,
				1,
				0.244,
				0,
				0.322,
				-7,
				0.4,
				-7,
				1,
				0.511,
				-7,
				0.622,
				10,
				0.733,
				10,
				0,
				2.5,
				10
			]
		},
		{
			"Target": "Parameter",
			"Id": "ParamBodyAngleY",
			"Segments": [
				0,
				0,
				1,
				0.056,
				0,
				0.111,
				0,
				0.167,
				0,
				1,
				0.244,
				0,
				0.322,
				-9,
				0.4,
				-9,
				1,
				0.489,
				-9,
				0.578,
				10,
				0.667,
				10,
				1,
				0.744,
				10,
				0.822,
				-6,
				0.9,
				-6,
				1,
				1.011,
				-6,
				1.122,
				-2,
				1.233,
				-2,
				0,
				2.5,
				-2
			]
		},
		{
			"Target": "Parameter",
			"Id": "ParamBodyAngleZ",
			"Segments": [
				0,
				0,
				1,
				0.056,
				0,
				0.111,
				0,
				0.167,
				0,
				1,
				0.244,
				0,
				0.322,
				-3,
				0.4,
				-3,
				1,
				0.544,
				-3,
				0.689,
				9,
				0.833,
				9,
				1,
				0.9,
				9,
				0.967,
				8,
				1.033,
				8,
				0,
				2.5,
				8
			]
		},
		{
			"Target": "Parameter",
			"Id": "ParamBreath",
			"Segments": [
				0,
				0,
				0,
				2.5,
				0
			]
		},
		{
			"Target": "Parameter",
			"Id": "ParamHairFront",
			"Segments": [
				0,
				0,
				0,
				2.5,
				0
			]
		},
		{
			"Target": "Parameter",
			"Id": "ParamHairSide",
			"Segments": [
				0,
				0,
				0,
				2.5,
				0
			]
		},
		{
			"Target": "Parameter",
			"Id": "ParamHairBack",
			"Segments": [
				0,
				0,
				0,
				2.5,
				0
			]
		},
		{
			"Target": "Parameter",
			"Id": "ParamCowlick",
			"Segments": [
				0,
				0,
				0,
				2.5,
				0
			]
		},
		{
			"Target": "Parameter",
			"Id": "ParamHairOrnaments",
			"Segments": [
				0,
				0,
				0,
				2.5,
				0
			]
		},
		{
			"Target": "Parameter",
			"Id": "ParamCord",
			"Segments": [
				0,
				0,
				0,
				2.5,
				0
			]
		},
		{
			"Target": "Parameter",
			"Id": "ParamWaistRibbon",
			"Segments": [
				0,
				0,
				0,
				2.5,
				0
			]
		},
		{
			"Target": "Parameter",
			"Id": "ParamFlower",
			"Segments": [
				0,
				0,
				0,
				2.5,
				0
			]
		},
		{
			"Target": "Parameter",
			"Id": "ParamHem",
			"Segments": [
				0,
				0,
				0,
				2.5,
				0
			]
		},
		{
			"Target": "Parameter",
			"Id": "ParamMantle",
			"Segments": [
				0,
				0,
				0,
				2.5,
				0
			]
		},
		{
			"Target": "Parameter",
			"Id": "ParamArmLA01",
			"FadeInTime": 0.5,
			"Segments": [
				0,
				-4,
				1,
				0.056,
				-4,
				0.111,
				-4,
				0.167,
				-4,
				1,
				0.256,
				-4,
				0.344,
				-5,
				0.433,
				-5,
				1,
				0.533,
				-5,
				0.633,
				0,
				0.733,
				0,
				1,
				0.822,
				0,
				0.911,
				-0.446,
				1,
				-0.446,
				1,
				1.1,
				-0.446,
				1.2,
				-0.2,
				1.3,
				-0.2,
				0,
				2.5,
				-0.2
			]
		},
		{
			"Target": "Parameter",
			"Id": "ParamArmLA02",
			"FadeInTime": 0.5,
			"Segments": [
				0,
				0,
				1,
				0.056,
				0,
				0.111,
				0,
				0.167,
				0,
				1,
				0.278,
				0,
				0.389,
				0,
				0.5,
				0,
				1,
				0.578,
				0,
				0.656,
				0.875,
				0.733,
				0.875,
				1,
				0.811,
				0.875,
				0.889,
				0.273,
				0.967,
				0.273,
				1,
				1.1,
				0.273,
				1.233,
				0.353,
				1.367,
				0.353,
				0,
				2.5,
				0.353
			]
		},
		{
			"Target": "Parameter",
			"Id": "ParamArmLA03",
			"FadeInTime": 0.5,
			"Segments": [
				0,
				5,
				1,
				0.056,
				5,
				0.111,
				5,
				0.167,
				5,
				1,
				0.189,
				5,
				0.211,
				5,
				0.233,
				5,
				1,
				0.322,
				5,
				0.411,
				3,
				0.5,
				3,
				1,
				0.611,
				3,
				0.722,
				8,
				0.833,
				8,
				1,
				0.9,
				8,
				0.967,
				6,
				1.033,
				6,
				1,
				1.167,
				6,
				1.3,
				7,
				1.433,
				7,
				0,
				2.5,
				7
			]
		},
		{
			"Target": "Parameter",
			"Id": "ParamArmRA01",
			"Segments": [
				0,
				-5,
				1,
				0.056,
				-5,
				0.111,
				-5,
				0.167,
				-5,
				0,
				2.5,
				-5
			]
		},
		{
			"Target": "Parameter",
			"Id": "ParamArmRA02",
			"Segments": [
				0,
				0,
				1,
				0.056,
				0,
				0.111,
				0,
				0.167,
				0,
				0,
				2.5,
				0
			]
		},
		{
			"Target": "Parameter",
			"Id": "ParamArmRA03",
			"Segments": [
				0,
				5,
				1,
				0.056,
				5,
				0.111,
				5,
				0.167,
				5,
				0,
				2.5,
				5
			]
		},
		{
			"Target": "Parameter",
			"Id": "ParamArmLB01",
			"Segments": [
				0,
				7,
				1,
				0.056,
				7,
				0.111,
				7,
				0.167,
				7,
				0,
				2.5,
				7
			]
		},
		{
			"Target": "Parameter",
			"Id": "ParamArmLB02",
			"Segments": [
				0,
				-10,
				1,
				0.056,
				-10,
				0.111,
				-10,
				0.167,
				-10,
				0,
				2.5,
				-10
			]
		},
		{
			"Target": "Parameter",
			"Id": "ParamArmLB03",
			"Segments": [
				0,
				6,
				1,
				0.056,
				6,
				0.111,
				6,
				0.167,
				6,
				0,
				2.5,
				6
			]
		},
		{
			"Target": "Parameter",
			"Id": "ParamArmRB01",
			"Segments": [
				0,
				7,
				1,
				0.056,
				7,
				0.111,
				7,
				0.167,
				7,
				0,
				2.5,
				7
			]
		},
		{
			"Target": "Parameter",
			"Id": "ParamArmRB02",
			"Segments": [
				0,
				-10,
				1,
				0.056,
				-10,
				0.111,
				-10,
				0.167,
				-10,
				0,
				2.5,
				-10
			]
		},
		{
			"Target": "Parameter",
			"Id": "ParamArmRB03",
			"Segments": [
				0,
				8,
				1,
				0.056,
				8,
				0.111,
				8,
				0.167,
				8,
				0,
				2.5,
				8
			]
		},
		{
			"Target": "Parameter",
			"Id": "ParamArmLC01",
			"Segments": [
				0,
				0,
				1,
				0.056,
				0,
				0.111,
				0,
				0.167,
				0,
				0,
				2.5,
				0
			]
		},
		{
			"Target": "Parameter",
			"Id": "ParamArmLC02",
			"Segments": [
				0,
				0,
				1,
				0.056,
				0,
				0.111,
				0,
				0.167,
				0,
				0,
				2.5,
				0
			]
		},
		{
			"Target": "Parameter",
			"Id": "ParamArmLC03",
			"Segments": [
				0,
				0,
				1,
				0.056,
				0,
				0.111,
				0,
				0.167,
				0,
				0,
				2.5,
				0
			]
		},
		{
			"Target": "Parameter",
			"Id": "ParamArmRC01",
			"Segments": [
				0,
				-1.5,
				1,
				0.056,
				-1.5,
				0.111,
				-1.5,
				0.167,
				-1.5,
				1,
				0.233,
				-1.5,
				0.3,
				-3,
				0.367,
				-3,
				1,
				0.4,
				-3,
				0.433,
				-3,
				0.467,
				-3,
				1,
				0.533,
				-3,
				0.6,
				0.5,
				0.667,
				0.5,
				1,
				0.744,
				0.5,
				0.822,
				0,
				0.9,
				0,
				1,
				1.033,
				0,
				1.167,
				0.16,
				1.3,
				0.16,
				0,
				2.5,
				0.16
			]
		},
		{
			"Target": "Parameter",
			"Id": "ParamArmRC02",
			"Segments": [
				0,
				3.5,
				1,
				0.056,
				3.5,
				0.111,
				3.5,
				0.167,
				3.5,
				1,
				0.244,
				3.5,
				0.322,
				4,
				0.4,
				4,
				1,
				0.511,
				4,
				0.622,
				1,
				0.733,
				1,
				1,
				0.811,
				1,
				0.889,
				1.2,
				0.967,
				1.2,
				1,
				1.089,
				1.2,
				1.211,
				1.16,
				1.333,
				1.16,
				0,
				2.5,
				1.16
			]
		},
		{
			"Target": "Parameter",
			"Id": "ParamArmRC03",
			"Segments": [
				0,
				-13,
				1,
				0.056,
				-13,
				0.111,
				-13,
				0.167,
				-13,
				1,
				0.278,
				-13,
				0.389,
				-12,
				0.5,
				-12,
				1,
				0.6,
				-12,
				0.7,
				-20,
				0.8,
				-20,
				1,
				0.889,
				-20,
				0.978,
				-19,
				1.067,
				-19,
				1,
				1.2,
				-19,
				1.333,
				-19.3,
				1.467,
				-19.3,
				0,
				2.5,
				-19.3
			]
		},
		{
			"Target": "Parameter",
			"Id": "ParamHairBackR",
			"FadeInTime": 0.5,
			"Segments": [
				0,
				-0.5,
				1,
				0.056,
				-0.5,
				0.111,
				-0.5,
				0.167,
				-0.5,
				1,
				0.233,
				-0.5,
				0.3,
				-0.639,
				0.367,
				-0.65,
				1,
				0.4,
				-0.656,
				0.433,
				-0.653,
				0.467,
				-0.653,
				1,
				0.556,
				-0.653,
				0.644,
				-0.3,
				0.733,
				-0.3,
				0,
				2.5,
				-0.3
			]
		},
		{
			"Target": "Parameter",
			"Id": "ParamHairBackL",
			"FadeInTime": 0.5,
			"Segments": [
				0,
				0,
				1,
				0.056,
				0,
				0.111,
				0,
				0.167,
				0,
				0,
				2.5,
				0
			]
		},
		{
			"Target": "Parameter",
			"Id": "ParamSoulgem",
			"Segments": [
				0,
				0,
				0,
				2.5,
				0
			]
		},
		{
			"Target": "Parameter",
			"Id": "ParamLegL",
			"Segments": [
				0,
				0,
				1,
				0.056,
				0,
				0.111,
				0,
				0.167,
				0,
				1,
				0.233,
				0,
				0.3,
				1,
				0.367,
				1,
				1,
				0.533,
				1,
				0.7,
				0.801,
				0.867,
				0.801,
				0,
				2.5,
				0.801
			]
		},
		{
			"Target": "Parameter",
			"Id": "ParamLegR",
			"Segments": [
				0,
				0,
				1,
				0.056,
				0,
				0.111,
				0,
				0.167,
				0,
				1,
				0.233,
				0,
				0.3,
				0,
				0.367,
				0,
				1,
				0.489,
				0,
				0.611,
				-3.074,
				0.733,
				-3.074,
				0,
				2.5,
				-3.074
			]
		},
		{
			"Target": "Parameter",
			"Id": "ParamAngleZAll",
			"Segments": [
				0,
				0,
				1,
				0.056,
				0,
				0.111,
				0,
				0.167,
				0,
				1,
				0.233,
				0,
				0.3,
				0,
				0.367,
				0,
				1,
				0.5,
				0,
				0.633,
				-0.6,
				0.767,
				-0.6,
				0,
				2.5,
				-0.6
			]
		},
		{
			"Target": "Parameter",
			"Id": "ParamMoveLrAll",
			"Segments": [
				0,
				0,
				1,
				0.056,
				0,
				0.111,
				0,
				0.167,
				0,
				0,
				2.5,
				0
			]
		},
		{
			"Target": "Parameter",
			"Id": "ParamMoveUdAll",
			"Segments": [
				0,
				0,
				1,
				0.056,
				0,
				0.111,
				0,
				0.167,
				0,
				0,
				2.5,
				0
			]
		},
		{
			"Target": "PartOpacity",
			"Id": "Part01ArmLA00",
			"Segments": [
				0,
				1,
				0,
				2.5,
				1
			]
		},
		{
			"Target": "PartOpacity",
			"Id": "Part01ArmRA00",
			"Segments": [
				0,
				0,
				0,
				2.5,
				0
			]
		},
		{
			"Target": "PartOpacity",
			"Id": "Part01ArmLB00",
			"Segments": [
				0,
				0,
				0,
				2.5,
				0
			]
		},
		{
			"Target": "PartOpacity",
			"Id": "Part01ArmRB00",
			"Segments": [
				0,
				0,
				0,
				2.5,
				0
			]
		},
		{
			"Target": "PartOpacity",
			"Id": "Part01ArmLC00",
			"Segments": [
				0,
				0,
				0,
				2.5,
				0
			]
		},
		{
			"Target": "PartOpacity",
			"Id": "Part01ArmRC00",
			"Segments": [
				0,
				1,
				0,
				2.5,
				1
			]
		},
		{
			"Target": "PartOpacity",
			"Id": "Part01ArmLD00",
			"Segments": [
				0,
				0,
				0,
				2.5,
				0
			]
		},
		{
			"Target": "PartOpacity",
			"Id": "Part01ArmRD00",
			"Segments": [
				0,
				0,
				0,
				2.5,
				0
			]
		}
	]
}