{
	"Version": 3,
	"Meta": {
		"Duration": 4.8,
		"Fps": 30.0,
		"FadeInTime": 1.0,
		"FadeOutTime": 1.0,
		"Loop": true,
		"AreBeziersRestricted": false,
		"CurveCount": 75,
		"TotalSegmentCount": 203,
		"TotalPointCount": 534,
		"UserDataCount": 0,
		"TotalUserDataSize": 0
	},
	"Curves": [
		{
			"Target": "Parameter",
			"Id": "ParamAngleX",
			"Segments": [
				0,
				0,
				1,
				0.056,
				0,
				0.111,
				0,
				0.167,
				0,
				1,
				0.267,
				0,
				0.367,
				-3,
				0.467,
				-3,
				1,
				0.7,
				-3,
				0.933,
				17.295,
				1.167,
				17.295,
				1,
				1.378,
				17.295,
				1.589,
				9,
				1.8,
				9,
				1,
				2.033,
				9,
				2.267,
				18,
				2.5,
				18,
				1,
				2.767,
				18,
				3.033,
				13.501,
				3.3,
				13,
				1,
				3.467,
				12.687,
				3.633,
				12.8,
				3.8,
				12.8,
				0,
				4.8,
				12.8
			]
		},
		{
			"Target": "Parameter",
			"Id": "ParamAngleY",
			"Segments": [
				0,
				0,
				1,
				0.056,
				0,
				0.111,
				0,
				0.167,
				0,
				1,
				0.289,
				0,
				0.411,
				5,
				0.533,
				5,
				1,
				0.711,
				5,
				0.889,
				-6.999,
				1.067,
				-6.999,
				0,
				4.8,
				-6.999
			]
		},
		{
			"Target": "Parameter",
			"Id": "ParamAngleZ",
			"Segments": [
				0,
				0,
				1,
				0.056,
				0,
				0.111,
				0,
				0.167,
				0,
				1,
				0.267,
				0,
				0.367,
				-2,
				0.467,
				-2,
				1,
				0.667,
				-2,
				0.867,
				11,
				1.067,
				11,
				1,
				1.311,
				11,
				1.556,
				10,
				1.8,
				10,
				1,
				2.011,
				10,
				2.222,
				11,
				2.433,
				11,
				1,
				2.7,
				11,
				2.967,
				10.201,
				3.233,
				10,
				1,
				3.389,
				9.883,
				3.544,
				9.92,
				3.7,
				9.92,
				0,
				4.8,
				9.92
			]
		},
		{
			"Target": "Parameter",
			"Id": "ParamEyeLOpen",
			"Segments": [
				0,
				1,
				0,
				4.8,
				1
			]
		},
		{
			"Target": "Parameter",
			"Id": "ParamEyeLSmile",
			"Segments": [
				0,
				0,
				0,
				4.8,
				0
			]
		},
		{
			"Target": "Parameter",
			"Id": "ParamEyeLForm",
			"Segments": [
				0,
				0,
				0,
				4.8,
				0
			]
		},
		{
			"Target": "Parameter",
			"Id": "ParamEyeROpen",
			"Segments": [
				0,
				1,
				0,
				4.8,
				1
			]
		},
		{
			"Target": "Parameter",
			"Id": "ParamEyeRSmile",
			"Segments": [
				0,
				0,
				0,
				4.8,
				0
			]
		},
		{
			"Target": "Parameter",
			"Id": "ParamEyeRForm",
			"Segments": [
				0,
				0,
				0,
				4.8,
				0
			]
		},
		{
			"Target": "Parameter",
			"Id": "ParamEyeBallX",
			"Segments": [
				0,
				0,
				1,
				0.056,
				0,
				0.111,
				0,
				0.167,
				0,
				1,
				0.233,
				0,
				0.3,
				0,
				0.367,
				0,
				1,
				0.622,
				0,
				0.878,
				-0.4,
				1.133,
				-0.4,
				1,
				1.356,
				-0.4,
				1.578,
				-0.3,
				1.8,
				-0.3,
				1,
				2.033,
				-0.3,
				2.267,
				-0.4,
				2.5,
				-0.4,
				1,
				2.722,
				-0.4,
				2.944,
				-0.35,
				3.167,
				-0.35,
				0,
				4.8,
				-0.35
			]
		},
		{
			"Target": "Parameter",
			"Id": "ParamEyeBallY",
			"Segments": [
				0,
				0,
				1,
				0.056,
				0,
				0.111,
				0,
				0.167,
				0,
				1,
				0.289,
				0,
				0.411,
				-0.1,
				0.533,
				-0.1,
				1,
				0.678,
				-0.1,
				0.822,
				0.3,
				0.967,
				0.3,
				0,
				4.8,
				0.3
			]
		},
		{
			"Target": "Parameter",
			"Id": "ParamEyeballForm",
			"Segments": [
				0,
				0,
				0,
				4.8,
				0
			]
		},
		{
			"Target": "Parameter",
			"Id": "ParamBrowLY",
			"Segments": [
				0,
				0,
				0,
				4.8,
				0
			]
		},
		{
			"Target": "Parameter",
			"Id": "ParamBrowRY",
			"Segments": [
				0,
				0,
				0,
				4.8,
				0
			]
		},
		{
			"Target": "Parameter",
			"Id": "ParamBrowLX",
			"Segments": [
				0,
				0,
				0,
				4.8,
				0
			]
		},
		{
			"Target": "Parameter",
			"Id": "ParamBrowRX",
			"Segments": [
				0,
				0,
				0,
				4.8,
				0
			]
		},
		{
			"Target": "Parameter",
			"Id": "ParamBrowLAngle",
			"Segments": [
				0,
				0,
				0,
				4.8,
				0
			]
		},
		{
			"Target": "Parameter",
			"Id": "ParamBrowRAngle",
			"Segments": [
				0,
				0,
				0,
				4.8,
				0
			]
		},
		{
			"Target": "Parameter",
			"Id": "ParamBrowLForm",
			"Segments": [
				0,
				0,
				0,
				4.8,
				0
			]
		},
		{
			"Target": "Parameter",
			"Id": "ParamBrowLForm02",
			"Segments": [
				0,
				0,
				0,
				4.8,
				0
			]
		},
		{
			"Target": "Parameter",
			"Id": "ParamBrowRForm",
			"Segments": [
				0,
				0,
				0,
				4.8,
				0
			]
		},
		{
			"Target": "Parameter",
			"Id": "ParamBrowRForm02",
			"Segments": [
				0,
				0,
				0,
				4.8,
				0
			]
		},
		{
			"Target": "Parameter",
			"Id": "ParamMouthOpenY",
			"Segments": [
				0,
				0,
				0,
				4.8,
				0
			]
		},
		{
			"Target": "Parameter",
			"Id": "ParamMouthForm",
			"Segments": [
				0,
				0,
				0,
				4.8,
				0
			]
		},
		{
			"Target": "Parameter",
			"Id": "ParamMouthFrom02",
			"Segments": [
				0,
				0,
				0,
				4.8,
				0
			]
		},
		{
			"Target": "Parameter",
			"Id": "ParamTear",
			"Segments": [
				0,
				0,
				0,
				4.8,
				0
			]
		},
		{
			"Target": "Parameter",
			"Id": "ParamCheek",
			"Segments": [
				0,
				0,
				0,
				4.8,
				0
			]
		},
		{
			"Target": "Parameter",
			"Id": "ParamBodyAngleX",
			"Segments": [
				0,
				0,
				1,
				0.056,
				0,
				0.111,
				0,
				0.167,
				0,
				1,
				0.233,
				0,
				0.3,
				-1.5,
				0.367,
				-1.5,
				1,
				0.5,
				-1.5,
				0.633,
				0.486,
				0.767,
				4.1,
				1,
				0.867,
				6.81,
				0.967,
				8,
				1.067,
				8,
				1,
				1.167,
				8,
				1.267,
				6.397,
				1.367,
				2.42,
				1,
				1.467,
				-1.557,
				1.567,
				-4,
				1.667,
				-4,
				1,
				1.8,
				-4,
				1.933,
				-2.198,
				2.067,
				1.28,
				1,
				2.189,
				4.468,
				2.311,
				6,
				2.433,
				6,
				1,
				2.544,
				6,
				2.656,
				3.825,
				2.767,
				1.44,
				1,
				2.867,
				-0.706,
				2.967,
				-3.206,
				3.067,
				-3.8,
				1,
				3.133,
				-4.196,
				3.2,
				-4.35,
				3.267,
				-4.406,
				1,
				3.378,
				-4.499,
				3.489,
				-4.503,
				3.6,
				-4.503,
				0,
				4.8,
				-4.503
			]
		},
		{
			"Target": "Parameter",
			"Id": "ParamBodyAngleY",
			"Segments": [
				0,
				0,
				1,
				0.056,
				0,
				0.111,
				0,
				0.167,
				0,
				1,
				0.244,
				0,
				0.322,
				1.5,
				0.4,
				1.5,
				1,
				0.556,
				1.5,
				0.711,
				-4,
				0.867,
				-4,
				1,
				1.178,
				-4,
				1.489,
				-3.368,
				1.8,
				-3.368,
				1,
				2.044,
				-3.368,
				2.289,
				-4,
				2.533,
				-4,
				1,
				2.767,
				-4,
				3,
				-3.368,
				3.233,
				-3.368,
				0,
				4.8,
				-3.368
			]
		},
		{
			"Target": "Parameter",
			"Id": "ParamBodyAngleZ",
			"Segments": [
				0,
				0,
				1,
				0.056,
				0,
				0.111,
				0,
				0.167,
				0,
				1,
				0.256,
				0,
				0.344,
				-1,
				0.433,
				-1,
				1,
				0.611,
				-1,
				0.789,
				2,
				0.967,
				2,
				1,
				1.2,
				2,
				1.433,
				1,
				1.667,
				1,
				1,
				1.9,
				1,
				2.133,
				2,
				2.367,
				2,
				1,
				2.589,
				2,
				2.811,
				1.258,
				3.033,
				1,
				1,
				3.2,
				0.806,
				3.367,
				0.84,
				3.533,
				0.84,
				0,
				4.8,
				0.84
			]
		},
		{
			"Target": "Parameter",
			"Id": "ParamBreath",
			"Segments": [
				0,
				0,
				0,
				4.8,
				0
			]
		},
		{
			"Target": "Parameter",
			"Id": "ParamHairFront",
			"Segments": [
				0,
				0,
				0,
				4.8,
				0
			]
		},
		{
			"Target": "Parameter",
			"Id": "ParamHairSide",
			"Segments": [
				0,
				0,
				0,
				4.8,
				0
			]
		},
		{
			"Target": "Parameter",
			"Id": "ParamHairBack",
			"Segments": [
				0,
				0,
				0,
				4.8,
				0
			]
		},
		{
			"Target": "Parameter",
			"Id": "ParamCowlick",
			"Segments": [
				0,
				0,
				0,
				4.8,
				0
			]
		},
		{
			"Target": "Parameter",
			"Id": "ParamHairOrnaments",
			"Segments": [
				0,
				0,
				0,
				4.8,
				0
			]
		},
		{
			"Target": "Parameter",
			"Id": "ParamCord",
			"Segments": [
				0,
				0,
				0,
				4.8,
				0
			]
		},
		{
			"Target": "Parameter",
			"Id": "ParamWaistRibbon",
			"Segments": [
				0,
				0,
				0,
				4.8,
				0
			]
		},
		{
			"Target": "Parameter",
			"Id": "ParamFlower",
			"Segments": [
				0,
				0,
				0,
				4.8,
				0
			]
		},
		{
			"Target": "Parameter",
			"Id": "ParamHem",
			"Segments": [
				0,
				0,
				0,
				4.8,
				0
			]
		},
		{
			"Target": "Parameter",
			"Id": "ParamMantle",
			"Segments": [
				0,
				0,
				0,
				4.8,
				0
			]
		},
		{
			"Target": "Parameter",
			"Id": "ParamArmLA01",
			"Segments": [
				0,
				-5,
				1,
				0.056,
				-5,
				0.111,
				-5,
				0.167,
				-5,
				0,
				4.8,
				-5
			]
		},
		{
			"Target": "Parameter",
			"Id": "ParamArmLA02",
			"Segments": [
				0,
				0,
				1,
				0.056,
				0,
				0.111,
				0,
				0.167,
				0,
				0,
				4.8,
				0
			]
		},
		{
			"Target": "Parameter",
			"Id": "ParamArmLA03",
			"Segments": [
				0,
				5,
				1,
				0.056,
				5,
				0.111,
				5,
				0.167,
				5,
				0,
				4.8,
				5
			]
		},
		{
			"Target": "Parameter",
			"Id": "ParamArmRA01",
			"FadeInTime": 0.5,
			"Segments": [
				0,
				-9,
				1,
				0.056,
				-9,
				0.111,
				-9,
				0.167,
				-9,
				1,
				0.256,
				-9,
				0.344,
				-9.099,
				0.433,
				-9.099,
				1,
				0.656,
				-9.099,
				0.878,
				-8.8,
				1.1,
				-8.8,
				1,
				1.3,
				-8.8,
				1.5,
				-9.1,
				1.7,
				-9.1,
				1,
				1.956,
				-9.1,
				2.211,
				-8.9,
				2.467,
				-8.9,
				1,
				2.689,
				-8.9,
				2.911,
				-8.997,
				3.133,
				-9.059,
				1,
				3.289,
				-9.102,
				3.444,
				-9.1,
				3.6,
				-9.1,
				0,
				4.8,
				-9.1
			]
		},
		{
			"Target": "Parameter",
			"Id": "ParamArmRA02",
			"FadeInTime": 0.5,
			"Segments": [
				0,
				-1,
				1,
				0.056,
				-1,
				0.111,
				-1,
				0.167,
				-1,
				1,
				0.267,
				-1,
				0.367,
				-1.2,
				0.467,
				-1.2,
				1,
				0.689,
				-1.2,
				0.911,
				-0.28,
				1.133,
				-0.28,
				1,
				1.333,
				-0.28,
				1.533,
				-0.92,
				1.733,
				-0.92,
				1,
				1.989,
				-0.92,
				2.244,
				-0.58,
				2.5,
				-0.58,
				1,
				2.744,
				-0.58,
				2.989,
				-0.675,
				3.233,
				-0.815,
				1,
				3.378,
				-0.898,
				3.522,
				-0.92,
				3.667,
				-0.92,
				0,
				4.8,
				-0.92
			]
		},
		{
			"Target": "Parameter",
			"Id": "ParamArmRA03",
			"FadeInTime": 0.5,
			"Segments": [
				0,
				16,
				1,
				0.056,
				16,
				0.111,
				16,
				0.167,
				16,
				1,
				0.178,
				16,
				0.189,
				16,
				0.2,
				16,
				1,
				0.311,
				16,
				0.422,
				14,
				0.533,
				14,
				1,
				0.744,
				14,
				0.956,
				17,
				1.167,
				17,
				1,
				1.378,
				17,
				1.589,
				15,
				1.8,
				15,
				1,
				2.056,
				15,
				2.311,
				17,
				2.567,
				17,
				1,
				2.8,
				17,
				3.033,
				16.102,
				3.267,
				16,
				1,
				3.433,
				15.927,
				3.6,
				15.95,
				3.767,
				15.95,
				0,
				4.8,
				15.95
			]
		},
		{
			"Target": "Parameter",
			"Id": "ParamArmLB01",
			"Segments": [
				0,
				7,
				1,
				0.056,
				7,
				0.111,
				7,
				0.167,
				7,
				0,
				4.8,
				7
			]
		},
		{
			"Target": "Parameter",
			"Id": "ParamArmLB02",
			"Segments": [
				0,
				-10,
				1,
				0.056,
				-10,
				0.111,
				-10,
				0.167,
				-10,
				0,
				4.8,
				-10
			]
		},
		{
			"Target": "Parameter",
			"Id": "ParamArmLB03",
			"Segments": [
				0,
				6,
				1,
				0.056,
				6,
				0.111,
				6,
				0.167,
				6,
				0,
				4.8,
				6
			]
		},
		{
			"Target": "Parameter",
			"Id": "ParamArmRB01",
			"Segments": [
				0,
				7,
				1,
				0.056,
				7,
				0.111,
				7,
				0.167,
				7,
				0,
				4.8,
				7
			]
		},
		{
			"Target": "Parameter",
			"Id": "ParamArmRB02",
			"Segments": [
				0,
				-10,
				1,
				0.056,
				-10,
				0.111,
				-10,
				0.167,
				-10,
				0,
				4.8,
				-10
			]
		},
		{
			"Target": "Parameter",
			"Id": "ParamArmRB03",
			"Segments": [
				0,
				8,
				1,
				0.056,
				8,
				0.111,
				8,
				0.167,
				8,
				0,
				4.8,
				8
			]
		},
		{
			"Target": "Parameter",
			"Id": "ParamArmLC01",
			"Segments": [
				0,
				0,
				1,
				0.056,
				0,
				0.111,
				0,
				0.167,
				0,
				1,
				0.278,
				0,
				0.389,
				0,
				0.5,
				0,
				1,
				0.689,
				0,
				0.878,
				-1.28,
				1.067,
				-1.28,
				1,
				1.311,
				-1.28,
				1.556,
				0,
				1.8,
				0,
				1,
				2.011,
				0,
				2.222,
				-0.64,
				2.433,
				-0.64,
				1,
				2.711,
				-0.64,
				2.989,
				-0.176,
				3.267,
				0,
				1,
				3.433,
				0.106,
				3.6,
				0.08,
				3.767,
				0.08,
				0,
				4.8,
				0.08
			]
		},
		{
			"Target": "Parameter",
			"Id": "ParamArmLC02",
			"Segments": [
				0,
				0,
				1,
				0.056,
				0,
				0.111,
				0,
				0.167,
				0,
				1,
				0.289,
				0,
				0.411,
				0.164,
				0.533,
				0.9,
				1,
				0.733,
				2.105,
				0.933,
				3,
				1.133,
				3,
				1,
				1.356,
				3,
				1.578,
				1.297,
				1.8,
				1.297,
				1,
				2.011,
				1.297,
				2.222,
				2.48,
				2.433,
				2.48,
				1,
				2.722,
				2.48,
				3.011,
				1.801,
				3.3,
				1.68,
				1,
				3.456,
				1.615,
				3.611,
				1.64,
				3.767,
				1.64,
				0,
				4.8,
				1.64
			]
		},
		{
			"Target": "Parameter",
			"Id": "ParamArmLC03",
			"Segments": [
				0,
				0,
				1,
				0.056,
				0,
				0.111,
				0,
				0.167,
				0,
				1,
				0.3,
				0,
				0.433,
				-0.487,
				0.567,
				-1,
				1,
				0.767,
				-1.769,
				0.967,
				-2,
				1.167,
				-2,
				1,
				1.378,
				-2,
				1.589,
				0.5,
				1.8,
				0.5,
				1,
				2.044,
				0.5,
				2.289,
				0,
				2.533,
				0,
				1,
				2.789,
				0,
				3.044,
				0.995,
				3.3,
				0.995,
				1,
				3.456,
				0.995,
				3.611,
				0.995,
				3.767,
				0.995,
				0,
				4.8,
				0.995
			]
		},
		{
			"Target": "Parameter",
			"Id": "ParamArmRC01",
			"Segments": [
				0,
				-1.5,
				1,
				0.056,
				-1.5,
				0.111,
				-1.5,
				0.167,
				-1.5,
				0,
				4.8,
				-1.5
			]
		},
		{
			"Target": "Parameter",
			"Id": "ParamArmRC02",
			"Segments": [
				0,
				3.5,
				1,
				0.056,
				3.5,
				0.111,
				3.5,
				0.167,
				3.5,
				0,
				4.8,
				3.5
			]
		},
		{
			"Target": "Parameter",
			"Id": "ParamArmRC03",
			"Segments": [
				0,
				-13,
				1,
				0.056,
				-13,
				0.111,
				-13,
				0.167,
				-13,
				0,
				4.8,
				-13
			]
		},
		{
			"Target": "Parameter",
			"Id": "ParamHairBackR",
			"FadeInTime": 0.5,
			"Segments": [
				0,
				0,
				1,
				0.056,
				0,
				0.111,
				0,
				0.167,
				0,
				0,
				4.8,
				0
			]
		},
		{
			"Target": "Parameter",
			"Id": "ParamHairBackL",
			"FadeInTime": 0.5,
			"Segments": [
				0,
				-0.5,
				1,
				0.056,
				-0.5,
				0.111,
				-0.5,
				0.167,
				-0.5,
				1,
				0.278,
				-0.5,
				0.389,
				-0.5,
				0.5,
				-0.5,
				1,
				0.589,
				-0.5,
				0.678,
				-0.509,
				0.767,
				-0.54,
				1,
				0.867,
				-0.575,
				0.967,
				-0.6,
				1.067,
				-0.6,
				1,
				1.167,
				-0.6,
				1.267,
				-0.584,
				1.367,
				-0.53,
				1,
				1.511,
				-0.452,
				1.656,
				-0.4,
				1.8,
				-0.4,
				1,
				1.889,
				-0.4,
				1.978,
				-0.41,
				2.067,
				-0.43,
				1,
				2.189,
				-0.458,
				2.311,
				-0.473,
				2.433,
				-0.473,
				1,
				2.556,
				-0.473,
				2.678,
				-0.451,
				2.8,
				-0.4,
				1,
				2.956,
				-0.335,
				3.111,
				-0.3,
				3.267,
				-0.3,
				0,
				4.8,
				-0.3
			]
		},
		{
			"Target": "Parameter",
			"Id": "ParamSoulgem",
			"Segments": [
				0,
				0,
				1,
				0.056,
				0,
				0.111,
				0,
				0.167,
				0,
				0,
				4.8,
				0
			]
		},
		{
			"Target": "Parameter",
			"Id": "ParamLegL",
			"Segments": [
				0,
				-3,
				1,
				0.056,
				-3,
				0.111,
				-3,
				0.167,
				-3,
				0,
				4.8,
				-3
			]
		},
		{
			"Target": "Parameter",
			"Id": "ParamLegR",
			"Segments": [
				0,
				-3,
				1,
				0.056,
				-3,
				0.111,
				-3,
				0.167,
				-3,
				0,
				4.8,
				-3
			]
		},
		{
			"Target": "Parameter",
			"Id": "ParamAngleZAll",
			"Segments": [
				0,
				0,
				1,
				0.056,
				0,
				0.111,
				0,
				0.167,
				0,
				1,
				0.256,
				0,
				0.344,
				0,
				0.433,
				0,
				1,
				0.611,
				0,
				0.789,
				-0.46,
				0.967,
				-0.46,
				1,
				1.2,
				-0.46,
				1.433,
				0,
				1.667,
				0,
				1,
				1.9,
				0,
				2.133,
				-0.42,
				2.367,
				-0.42,
				1,
				2.678,
				-0.42,
				2.989,
				0,
				3.3,
				0,
				0,
				4.8,
				0
			]
		},
		{
			"Target": "Parameter",
			"Id": "ParamMoveLrAll",
			"Segments": [
				0,
				0,
				1,
				0.056,
				0,
				0.111,
				0,
				0.167,
				0,
				0,
				4.8,
				0
			]
		},
		{
			"Target": "Parameter",
			"Id": "ParamMoveUdAll",
			"Segments": [
				0,
				0,
				1,
				0.056,
				0,
				0.111,
				0,
				0.167,
				0,
				0,
				4.8,
				0
			]
		},
		{
			"Target": "PartOpacity",
			"Id": "Part01ArmLA00",
			"Segments": [
				0,
				0,
				0,
				4.8,
				0
			]
		},
		{
			"Target": "PartOpacity",
			"Id": "Part01ArmRA00",
			"Segments": [
				0,
				1,
				0,
				4.8,
				1
			]
		},
		{
			"Target": "PartOpacity",
			"Id": "Part01ArmLB00",
			"Segments": [
				0,
				0,
				0,
				4.8,
				0
			]
		},
		{
			"Target": "PartOpacity",
			"Id": "Part01ArmRB00",
			"Segments": [
				0,
				0,
				0,
				4.8,
				0
			]
		},
		{
			"Target": "PartOpacity",
			"Id": "Part01ArmLC00",
			"Segments": [
				0,
				1,
				0,
				4.8,
				1
			]
		},
		{
			"Target": "PartOpacity",
			"Id": "Part01ArmRC00",
			"Segments": [
				0,
				0,
				0,
				4.8,
				0
			]
		},
		{
			"Target": "PartOpacity",
			"Id": "Part01ArmLD00",
			"Segments": [
				0,
				0,
				0,
				4.8,
				0
			]
		},
		{
			"Target": "PartOpacity",
			"Id": "Part01ArmRD00",
			"Segments": [
				0,
				0,
				0,
				4.8,
				0
			]
		}
	]
}