{
	"Version": 3,
	"Meta": {
		"Duration": 3.6,
		"Fps": 30.0,
		"FadeInTime": 1.0,
		"FadeOutTime": 1.0,
		"Loop": true,
		"AreBeziersRestricted": false,
		"CurveCount": 75,
		"TotalSegmentCount": 147,
		"TotalPointCount": 366,
		"UserDataCount": 0,
		"TotalUserDataSize": 0
	},
	"Curves": [
		{
			"Target": "Parameter",
			"Id": "ParamAngleX",
			"Segments": [
				0,
				0,
				1,
				0.056,
				0,
				0.111,
				0,
				0.167,
				0,
				1,
				0.467,
				0,
				0.767,
				6,
				1.067,
				6,
				1,
				1.433,
				6,
				1.8,
				-4,
				2.167,
				-4,
				0,
				3.6,
				-4
			]
		},
		{
			"Target": "Parameter",
			"Id": "ParamAngleY",
			"Segments": [
				0,
				0,
				1,
				0.056,
				0,
				0.111,
				0,
				0.167,
				0,
				1,
				0.5,
				0,
				0.833,
				2,
				1.167,
				2,
				1,
				1.433,
				2,
				1.7,
				-25,
				1.967,
				-25,
				1,
				2.178,
				-25,
				2.389,
				-20,
				2.6,
				-20,
				0,
				3.6,
				-20
			]
		},
		{
			"Target": "Parameter",
			"Id": "ParamAngleZ",
			"Segments": [
				0,
				0,
				1,
				0.056,
				0,
				0.111,
				0,
				0.167,
				0,
				1,
				0.422,
				0,
				0.678,
				1,
				0.933,
				1,
				1,
				1.244,
				1,
				1.556,
				-9,
				1.867,
				-9,
				0,
				3.6,
				-9
			]
		},
		{
			"Target": "Parameter",
			"Id": "ParamEyeLOpen",
			"Segments": [
				0,
				1,
				0,
				3.6,
				1
			]
		},
		{
			"Target": "Parameter",
			"Id": "ParamEyeLSmile",
			"Segments": [
				0,
				0,
				0,
				3.6,
				0
			]
		},
		{
			"Target": "Parameter",
			"Id": "ParamEyeLForm",
			"Segments": [
				0,
				0,
				0,
				3.6,
				0
			]
		},
		{
			"Target": "Parameter",
			"Id": "ParamEyeROpen",
			"Segments": [
				0,
				1,
				0,
				3.6,
				1
			]
		},
		{
			"Target": "Parameter",
			"Id": "ParamEyeRSmile",
			"Segments": [
				0,
				0,
				0,
				3.6,
				0
			]
		},
		{
			"Target": "Parameter",
			"Id": "ParamEyeRForm",
			"Segments": [
				0,
				0,
				0,
				3.6,
				0
			]
		},
		{
			"Target": "Parameter",
			"Id": "ParamEyeBallX",
			"Segments": [
				0,
				0,
				1,
				0.056,
				0,
				0.111,
				0,
				0.167,
				0,
				1,
				0.411,
				0,
				0.656,
				0.303,
				0.9,
				0.303,
				1,
				0.989,
				0.303,
				1.078,
				0.308,
				1.167,
				0.3,
				1,
				1.433,
				0.277,
				1.7,
				-0.3,
				1.967,
				-0.3,
				0,
				3.6,
				-0.3
			]
		},
		{
			"Target": "Parameter",
			"Id": "ParamEyeBallY",
			"Segments": [
				0,
				0,
				1,
				0.056,
				0,
				0.111,
				0,
				0.167,
				0,
				1,
				0.5,
				0,
				0.833,
				-0.064,
				1.167,
				-0.4,
				1,
				1.433,
				-0.669,
				1.7,
				-1,
				1.967,
				-1,
				0,
				3.6,
				-1
			]
		},
		{
			"Target": "Parameter",
			"Id": "ParamEyeballForm",
			"Segments": [
				0,
				0,
				0,
				3.6,
				0
			]
		},
		{
			"Target": "Parameter",
			"Id": "ParamBrowLY",
			"Segments": [
				0,
				0,
				0,
				3.6,
				0
			]
		},
		{
			"Target": "Parameter",
			"Id": "ParamBrowRY",
			"Segments": [
				0,
				0,
				0,
				3.6,
				0
			]
		},
		{
			"Target": "Parameter",
			"Id": "ParamBrowLX",
			"Segments": [
				0,
				0,
				0,
				3.6,
				0
			]
		},
		{
			"Target": "Parameter",
			"Id": "ParamBrowRX",
			"Segments": [
				0,
				0,
				0,
				3.6,
				0
			]
		},
		{
			"Target": "Parameter",
			"Id": "ParamBrowLAngle",
			"Segments": [
				0,
				0,
				0,
				3.6,
				0
			]
		},
		{
			"Target": "Parameter",
			"Id": "ParamBrowRAngle",
			"Segments": [
				0,
				0,
				0,
				3.6,
				0
			]
		},
		{
			"Target": "Parameter",
			"Id": "ParamBrowLForm",
			"Segments": [
				0,
				0,
				0,
				3.6,
				0
			]
		},
		{
			"Target": "Parameter",
			"Id": "ParamBrowLForm02",
			"Segments": [
				0,
				0,
				0,
				3.6,
				0
			]
		},
		{
			"Target": "Parameter",
			"Id": "ParamBrowRForm",
			"Segments": [
				0,
				0,
				0,
				3.6,
				0
			]
		},
		{
			"Target": "Parameter",
			"Id": "ParamBrowRForm02",
			"Segments": [
				0,
				0,
				0,
				3.6,
				0
			]
		},
		{
			"Target": "Parameter",
			"Id": "ParamMouthOpenY",
			"Segments": [
				0,
				0,
				0,
				3.6,
				0
			]
		},
		{
			"Target": "Parameter",
			"Id": "ParamMouthForm",
			"Segments": [
				0,
				0,
				0,
				3.6,
				0
			]
		},
		{
			"Target": "Parameter",
			"Id": "ParamMouthFrom02",
			"Segments": [
				0,
				0,
				0,
				3.6,
				0
			]
		},
		{
			"Target": "Parameter",
			"Id": "ParamTear",
			"Segments": [
				0,
				0,
				0,
				3.6,
				0
			]
		},
		{
			"Target": "Parameter",
			"Id": "ParamCheek",
			"Segments": [
				0,
				0,
				0,
				3.6,
				0
			]
		},
		{
			"Target": "Parameter",
			"Id": "ParamBodyAngleX",
			"Segments": [
				0,
				0,
				1,
				0.056,
				0,
				0.111,
				0,
				0.167,
				0,
				1,
				0.411,
				0,
				0.656,
				1,
				0.9,
				1,
				1,
				1.3,
				1,
				1.7,
				-2,
				2.1,
				-2,
				0,
				3.6,
				-2
			]
		},
		{
			"Target": "Parameter",
			"Id": "ParamBodyAngleY",
			"Segments": [
				0,
				0,
				1,
				0.056,
				0,
				0.111,
				0,
				0.167,
				0,
				1,
				0.389,
				0,
				0.611,
				2,
				0.833,
				2,
				1,
				1.122,
				2,
				1.411,
				-7,
				1.7,
				-7,
				1,
				1.911,
				-7,
				2.122,
				-6,
				2.333,
				-6,
				0,
				3.6,
				-6
			]
		},
		{
			"Target": "Parameter",
			"Id": "ParamBodyAngleZ",
			"Segments": [
				0,
				1,
				1,
				0.056,
				1,
				0.111,
				1,
				0.167,
				1,
				1,
				0.378,
				1,
				0.589,
				2,
				0.8,
				2,
				1,
				1.111,
				2,
				1.422,
				0,
				1.733,
				0,
				0,
				3.6,
				0
			]
		},
		{
			"Target": "Parameter",
			"Id": "ParamBreath",
			"Segments": [
				0,
				0,
				0,
				3.6,
				0
			]
		},
		{
			"Target": "Parameter",
			"Id": "ParamHairFront",
			"Segments": [
				0,
				0,
				0,
				3.6,
				0
			]
		},
		{
			"Target": "Parameter",
			"Id": "ParamHairSide",
			"Segments": [
				0,
				0,
				0,
				3.6,
				0
			]
		},
		{
			"Target": "Parameter",
			"Id": "ParamHairBack",
			"Segments": [
				0,
				0,
				0,
				3.6,
				0
			]
		},
		{
			"Target": "Parameter",
			"Id": "ParamCowlick",
			"Segments": [
				0,
				0,
				0,
				3.6,
				0
			]
		},
		{
			"Target": "Parameter",
			"Id": "ParamHairOrnaments",
			"Segments": [
				0,
				0,
				0,
				3.6,
				0
			]
		},
		{
			"Target": "Parameter",
			"Id": "ParamCord",
			"Segments": [
				0,
				0,
				0,
				3.6,
				0
			]
		},
		{
			"Target": "Parameter",
			"Id": "ParamWaistRibbon",
			"Segments": [
				0,
				0,
				0,
				3.6,
				0
			]
		},
		{
			"Target": "Parameter",
			"Id": "ParamFlower",
			"Segments": [
				0,
				0,
				0,
				3.6,
				0
			]
		},
		{
			"Target": "Parameter",
			"Id": "ParamHem",
			"Segments": [
				0,
				0,
				0,
				3.6,
				0
			]
		},
		{
			"Target": "Parameter",
			"Id": "ParamMantle",
			"Segments": [
				0,
				0,
				0,
				3.6,
				0
			]
		},
		{
			"Target": "Parameter",
			"Id": "ParamArmLA01",
			"FadeInTime": 1.0,
			"Segments": [
				0,
				-5,
				1,
				0.056,
				-5,
				0.111,
				-5,
				0.167,
				-5,
				1,
				0.433,
				-5,
				0.7,
				-4.2,
				0.967,
				-4.2,
				1,
				1.278,
				-4.2,
				1.589,
				-6.9,
				1.9,
				-6.9,
				1,
				2.033,
				-6.9,
				2.167,
				-6.8,
				2.3,
				-6.8,
				0,
				3.6,
				-6.8
			]
		},
		{
			"Target": "Parameter",
			"Id": "ParamArmLA02",
			"FadeInTime": 1.0,
			"Segments": [
				0,
				-14.8,
				1,
				0.056,
				-14.8,
				0.111,
				-14.8,
				0.167,
				-14.8,
				1,
				0.433,
				-14.8,
				0.7,
				-15.2,
				0.967,
				-15.2,
				1,
				1.278,
				-15.2,
				1.589,
				-13.6,
				1.9,
				-13.6,
				1,
				2.044,
				-13.6,
				2.189,
				-13.7,
				2.333,
				-13.7,
				0,
				3.6,
				-13.7
			]
		},
		{
			"Target": "Parameter",
			"Id": "ParamArmLA03",
			"FadeInTime": 1.0,
			"Segments": [
				0,
				0,
				1,
				0.056,
				0,
				0.111,
				0,
				0.167,
				0,
				1,
				0.433,
				0,
				0.7,
				-1,
				0.967,
				-1,
				1,
				1.278,
				-1,
				1.589,
				0,
				1.9,
				0,
				0,
				3.6,
				0
			]
		},
		{
			"Target": "Parameter",
			"Id": "ParamArmRA01",
			"FadeInTime": 1.0,
			"Segments": [
				0,
				-5,
				1,
				0.056,
				-5,
				0.111,
				-5,
				0.167,
				-5,
				1,
				0.433,
				-5,
				0.7,
				-4.2,
				0.967,
				-4.2,
				1,
				1.278,
				-4.2,
				1.589,
				-6.9,
				1.9,
				-6.9,
				1,
				2.033,
				-6.9,
				2.167,
				-6.8,
				2.3,
				-6.8,
				0,
				3.6,
				-6.8
			]
		},
		{
			"Target": "Parameter",
			"Id": "ParamArmRA02",
			"FadeInTime": 1.0,
			"Segments": [
				0,
				-14.8,
				1,
				0.056,
				-14.8,
				0.111,
				-14.8,
				0.167,
				-14.8,
				1,
				0.433,
				-14.8,
				0.7,
				-15.2,
				0.967,
				-15.2,
				1,
				1.278,
				-15.2,
				1.589,
				-13.6,
				1.9,
				-13.6,
				1,
				2.044,
				-13.6,
				2.189,
				-13.7,
				2.333,
				-13.7,
				0,
				3.6,
				-13.7
			]
		},
		{
			"Target": "Parameter",
			"Id": "ParamArmRA03",
			"FadeInTime": 1.0,
			"Segments": [
				0,
				0,
				1,
				0.056,
				0,
				0.111,
				0,
				0.167,
				0,
				1,
				0.433,
				0,
				0.7,
				-1,
				0.967,
				-1,
				1,
				1.278,
				-1,
				1.589,
				0,
				1.9,
				0,
				0,
				3.6,
				0
			]
		},
		{
			"Target": "Parameter",
			"Id": "ParamArmLB01",
			"Segments": [
				0,
				7,
				1,
				0.056,
				7,
				0.111,
				7,
				0.167,
				7,
				0,
				3.6,
				7
			]
		},
		{
			"Target": "Parameter",
			"Id": "ParamArmLB02",
			"Segments": [
				0,
				-10,
				1,
				0.056,
				-10,
				0.111,
				-10,
				0.167,
				-10,
				0,
				3.6,
				-10
			]
		},
		{
			"Target": "Parameter",
			"Id": "ParamArmLB03",
			"Segments": [
				0,
				6,
				1,
				0.056,
				6,
				0.111,
				6,
				0.167,
				6,
				0,
				3.6,
				6
			]
		},
		{
			"Target": "Parameter",
			"Id": "ParamArmRB01",
			"Segments": [
				0,
				7,
				1,
				0.056,
				7,
				0.111,
				7,
				0.167,
				7,
				0,
				3.6,
				7
			]
		},
		{
			"Target": "Parameter",
			"Id": "ParamArmRB02",
			"Segments": [
				0,
				-10,
				1,
				0.056,
				-10,
				0.111,
				-10,
				0.167,
				-10,
				0,
				3.6,
				-10
			]
		},
		{
			"Target": "Parameter",
			"Id": "ParamArmRB03",
			"Segments": [
				0,
				8,
				1,
				0.056,
				8,
				0.111,
				8,
				0.167,
				8,
				0,
				3.6,
				8
			]
		},
		{
			"Target": "Parameter",
			"Id": "ParamArmLC01",
			"Segments": [
				0,
				0,
				1,
				0.056,
				0,
				0.111,
				0,
				0.167,
				0,
				0,
				3.6,
				0
			]
		},
		{
			"Target": "Parameter",
			"Id": "ParamArmLC02",
			"Segments": [
				0,
				0,
				1,
				0.056,
				0,
				0.111,
				0,
				0.167,
				0,
				0,
				3.6,
				0
			]
		},
		{
			"Target": "Parameter",
			"Id": "ParamArmLC03",
			"Segments": [
				0,
				0,
				1,
				0.056,
				0,
				0.111,
				0,
				0.167,
				0,
				0,
				3.6,
				0
			]
		},
		{
			"Target": "Parameter",
			"Id": "ParamArmRC01",
			"Segments": [
				0,
				-1.5,
				1,
				0.056,
				-1.5,
				0.111,
				-1.5,
				0.167,
				-1.5,
				0,
				3.6,
				-1.5
			]
		},
		{
			"Target": "Parameter",
			"Id": "ParamArmRC02",
			"Segments": [
				0,
				3.5,
				1,
				0.056,
				3.5,
				0.111,
				3.5,
				0.167,
				3.5,
				0,
				3.6,
				3.5
			]
		},
		{
			"Target": "Parameter",
			"Id": "ParamArmRC03",
			"Segments": [
				0,
				-13,
				1,
				0.056,
				-13,
				0.111,
				-13,
				0.167,
				-13,
				0,
				3.6,
				-13
			]
		},
		{
			"Target": "Parameter",
			"Id": "ParamHairBackR",
			"FadeInTime": 0.3,
			"Segments": [
				0,
				-0.702,
				1,
				0.056,
				-0.702,
				0.111,
				-0.702,
				0.167,
				-0.702,
				1,
				0.433,
				-0.702,
				0.7,
				-0.615,
				0.967,
				-0.615,
				1,
				1.278,
				-0.615,
				1.589,
				-0.85,
				1.9,
				-0.85,
				0,
				3.6,
				-0.85
			]
		},
		{
			"Target": "Parameter",
			"Id": "ParamHairBackL",
			"FadeInTime": 0.3,
			"Segments": [
				0,
				-0.699,
				1,
				0.056,
				-0.699,
				0.111,
				-0.699,
				0.167,
				-0.699,
				1,
				0.433,
				-0.699,
				0.7,
				-0.637,
				0.967,
				-0.637,
				1,
				1.278,
				-0.637,
				1.589,
				-0.799,
				1.9,
				-0.799,
				0,
				3.6,
				-0.799
			]
		},
		{
			"Target": "Parameter",
			"Id": "ParamSoulgem",
			"Segments": [
				0,
				0,
				0,
				3.6,
				0
			]
		},
		{
			"Target": "Parameter",
			"Id": "ParamLegL",
			"Segments": [
				0,
				-2,
				1,
				0.056,
				-2,
				0.111,
				-2,
				0.167,
				-2,
				0,
				3.6,
				-2
			]
		},
		{
			"Target": "Parameter",
			"Id": "ParamLegR",
			"Segments": [
				0,
				-2,
				1,
				0.056,
				-2,
				0.111,
				-2,
				0.167,
				-2,
				0,
				3.6,
				-2
			]
		},
		{
			"Target": "Parameter",
			"Id": "ParamAngleZAll",
			"Segments": [
				0,
				0,
				1,
				0.056,
				0,
				0.111,
				0,
				0.167,
				0,
				0,
				3.6,
				0
			]
		},
		{
			"Target": "Parameter",
			"Id": "ParamMoveLrAll",
			"Segments": [
				0,
				0,
				1,
				0.056,
				0,
				0.111,
				0,
				0.167,
				0,
				0,
				3.6,
				0
			]
		},
		{
			"Target": "Parameter",
			"Id": "ParamMoveUdAll",
			"Segments": [
				0,
				0,
				1,
				0.056,
				0,
				0.111,
				0,
				0.167,
				0,
				0,
				3.6,
				0
			]
		},
		{
			"Target": "PartOpacity",
			"Id": "Part01ArmLA00",
			"Segments": [
				0,
				0,
				0,
				3.6,
				0
			]
		},
		{
			"Target": "PartOpacity",
			"Id": "Part01ArmRA00",
			"Segments": [
				0,
				0,
				0,
				3.6,
				0
			]
		},
		{
			"Target": "PartOpacity",
			"Id": "Part01ArmLB00",
			"Segments": [
				0,
				0,
				0,
				3.6,
				0
			]
		},
		{
			"Target": "PartOpacity",
			"Id": "Part01ArmRB00",
			"Segments": [
				0,
				0,
				0,
				3.6,
				0
			]
		},
		{
			"Target": "PartOpacity",
			"Id": "Part01ArmLC00",
			"Segments": [
				0,
				0,
				0,
				3.6,
				0
			]
		},
		{
			"Target": "PartOpacity",
			"Id": "Part01ArmRC00",
			"Segments": [
				0,
				0,
				0,
				3.6,
				0
			]
		},
		{
			"Target": "PartOpacity",
			"Id": "Part01ArmLD00",
			"Segments": [
				0,
				1,
				0,
				3.6,
				1
			]
		},
		{
			"Target": "PartOpacity",
			"Id": "Part01ArmRD00",
			"Segments": [
				0,
				1,
				0,
				3.6,
				1
			]
		}
	]
}