{
	"Version": 3,
	"Meta": {
		"Duration": 2.2,
		"Fps": 30.0,
		"FadeInTime": 1.0,
		"FadeOutTime": 1.0,
		"Loop": true,
		"AreBeziersRestricted": false,
		"CurveCount": 75,
		"TotalSegmentCount": 164,
		"TotalPointCount": 417,
		"UserDataCount": 0,
		"TotalUserDataSize": 0
	},
	"Curves": [
		{
			"Target": "Parameter",
			"Id": "ParamAngleX",
			"FadeInTime": 0.8,
			"Segments": [
				0,
				0,
				1,
				0.056,
				0,
				0.111,
				0,
				0.167,
				0,
				1,
				0.244,
				0,
				0.322,
				-5,
				0.4,
				-5,
				1,
				0.489,
				-5,
				0.578,
				0.9,
				0.667,
				0.9,
				1,
				0.733,
				0.9,
				0.8,
				-3,
				0.867,
				-3,
				0,
				2.2,
				-3
			]
		},
		{
			"Target": "Parameter",
			"Id": "ParamAngleY",
			"FadeInTime": 0.8,
			"Segments": [
				0,
				0,
				1,
				0.056,
				0,
				0.111,
				0,
				0.167,
				0,
				1,
				0.233,
				0,
				0.3,
				-8,
				0.367,
				-8,
				1,
				0.444,
				-8,
				0.522,
				15,
				0.6,
				15,
				1,
				0.7,
				15,
				0.8,
				-23,
				0.9,
				-23,
				1,
				0.978,
				-23,
				1.056,
				-18,
				1.133,
				-18,
				0,
				2.2,
				-18
			]
		},
		{
			"Target": "Parameter",
			"Id": "ParamAngleZ",
			"FadeInTime": 0.8,
			"Segments": [
				0,
				0,
				1,
				0.056,
				0,
				0.111,
				0,
				0.167,
				0,
				1,
				0.233,
				0,
				0.3,
				-4,
				0.367,
				-4,
				1,
				0.444,
				-4,
				0.522,
				5,
				0.6,
				5,
				1,
				0.689,
				5,
				0.778,
				-9.231,
				0.867,
				-9.231,
				0,
				2.2,
				-9.231
			]
		},
		{
			"Target": "Parameter",
			"Id": "ParamEyeLOpen",
			"Segments": [
				0,
				1,
				0,
				2.2,
				1
			]
		},
		{
			"Target": "Parameter",
			"Id": "ParamEyeLSmile",
			"Segments": [
				0,
				0,
				0,
				2.2,
				0
			]
		},
		{
			"Target": "Parameter",
			"Id": "ParamEyeLForm",
			"Segments": [
				0,
				0,
				0,
				2.2,
				0
			]
		},
		{
			"Target": "Parameter",
			"Id": "ParamEyeROpen",
			"Segments": [
				0,
				1,
				0,
				2.2,
				1
			]
		},
		{
			"Target": "Parameter",
			"Id": "ParamEyeRSmile",
			"Segments": [
				0,
				0,
				0,
				2.2,
				0
			]
		},
		{
			"Target": "Parameter",
			"Id": "ParamEyeRForm",
			"Segments": [
				0,
				0,
				0,
				2.2,
				0
			]
		},
		{
			"Target": "Parameter",
			"Id": "ParamEyeBallX",
			"Segments": [
				0,
				0,
				1,
				0.056,
				0,
				0.111,
				0,
				0.167,
				0,
				1,
				0.244,
				0,
				0.322,
				0.1,
				0.4,
				0.1,
				1,
				0.489,
				0.1,
				0.578,
				0,
				0.667,
				0,
				1,
				0.733,
				0,
				0.8,
				0.044,
				0.867,
				0.044,
				0,
				2.2,
				0.044
			]
		},
		{
			"Target": "Parameter",
			"Id": "ParamEyeBallY",
			"Segments": [
				0,
				0,
				1,
				0.056,
				0,
				0.111,
				0,
				0.167,
				0,
				1,
				0.233,
				0,
				0.3,
				0.5,
				0.367,
				0.5,
				1,
				0.444,
				0.5,
				0.522,
				-1,
				0.6,
				-1,
				1,
				0.689,
				-1,
				0.778,
				1,
				0.867,
				1,
				0,
				2.2,
				1
			]
		},
		{
			"Target": "Parameter",
			"Id": "ParamEyeballForm",
			"Segments": [
				0,
				0,
				0,
				2.2,
				0
			]
		},
		{
			"Target": "Parameter",
			"Id": "ParamBrowLY",
			"Segments": [
				0,
				0,
				0,
				2.2,
				0
			]
		},
		{
			"Target": "Parameter",
			"Id": "ParamBrowRY",
			"Segments": [
				0,
				0,
				0,
				2.2,
				0
			]
		},
		{
			"Target": "Parameter",
			"Id": "ParamBrowLX",
			"Segments": [
				0,
				0,
				0,
				2.2,
				0
			]
		},
		{
			"Target": "Parameter",
			"Id": "ParamBrowRX",
			"Segments": [
				0,
				0,
				0,
				2.2,
				0
			]
		},
		{
			"Target": "Parameter",
			"Id": "ParamBrowLAngle",
			"Segments": [
				0,
				0,
				0,
				2.2,
				0
			]
		},
		{
			"Target": "Parameter",
			"Id": "ParamBrowRAngle",
			"Segments": [
				0,
				0,
				0,
				2.2,
				0
			]
		},
		{
			"Target": "Parameter",
			"Id": "ParamBrowLForm",
			"Segments": [
				0,
				0,
				0,
				2.2,
				0
			]
		},
		{
			"Target": "Parameter",
			"Id": "ParamBrowLForm02",
			"Segments": [
				0,
				0,
				0,
				2.2,
				0
			]
		},
		{
			"Target": "Parameter",
			"Id": "ParamBrowRForm",
			"Segments": [
				0,
				0,
				0,
				2.2,
				0
			]
		},
		{
			"Target": "Parameter",
			"Id": "ParamBrowRForm02",
			"Segments": [
				0,
				0,
				0,
				2.2,
				0
			]
		},
		{
			"Target": "Parameter",
			"Id": "ParamMouthOpenY",
			"Segments": [
				0,
				0,
				0,
				2.2,
				0
			]
		},
		{
			"Target": "Parameter",
			"Id": "ParamMouthForm",
			"Segments": [
				0,
				0,
				0,
				2.2,
				0
			]
		},
		{
			"Target": "Parameter",
			"Id": "ParamMouthFrom02",
			"Segments": [
				0,
				0,
				0,
				2.2,
				0
			]
		},
		{
			"Target": "Parameter",
			"Id": "ParamTear",
			"Segments": [
				0,
				0,
				0,
				2.2,
				0
			]
		},
		{
			"Target": "Parameter",
			"Id": "ParamCheek",
			"Segments": [
				0,
				0,
				0,
				2.2,
				0
			]
		},
		{
			"Target": "Parameter",
			"Id": "ParamBodyAngleX",
			"Segments": [
				0,
				0,
				1,
				0.056,
				0,
				0.111,
				0,
				0.167,
				0,
				1,
				0.233,
				0,
				0.3,
				2,
				0.367,
				2,
				1,
				0.444,
				2,
				0.522,
				-4,
				0.6,
				-4,
				0,
				2.2,
				-4
			]
		},
		{
			"Target": "Parameter",
			"Id": "ParamBodyAngleY",
			"Segments": [
				0,
				0,
				1,
				0.056,
				0,
				0.111,
				0,
				0.167,
				0,
				1,
				0.233,
				0,
				0.3,
				-9,
				0.367,
				-9,
				1,
				0.422,
				-9,
				0.478,
				8,
				0.533,
				8,
				1,
				0.622,
				8,
				0.711,
				-10,
				0.8,
				-10,
				1,
				0.889,
				-10,
				0.978,
				-6.5,
				1.067,
				-6.5,
				0,
				2.2,
				-6.5
			]
		},
		{
			"Target": "Parameter",
			"Id": "ParamBodyAngleZ",
			"Segments": [
				0,
				0,
				1,
				0.056,
				0,
				0.111,
				0,
				0.167,
				0,
				1,
				0.233,
				0,
				0.3,
				-3,
				0.367,
				-3,
				1,
				0.433,
				-3,
				0.5,
				1.5,
				0.567,
				1.5,
				1,
				0.644,
				1.5,
				0.722,
				-4,
				0.8,
				-4,
				0,
				2.2,
				-4
			]
		},
		{
			"Target": "Parameter",
			"Id": "ParamBreath",
			"Segments": [
				0,
				0,
				0,
				2.2,
				0
			]
		},
		{
			"Target": "Parameter",
			"Id": "ParamHairFront",
			"Segments": [
				0,
				0,
				0,
				2.2,
				0
			]
		},
		{
			"Target": "Parameter",
			"Id": "ParamHairSide",
			"Segments": [
				0,
				0,
				0,
				2.2,
				0
			]
		},
		{
			"Target": "Parameter",
			"Id": "ParamHairBack",
			"Segments": [
				0,
				0,
				0,
				2.2,
				0
			]
		},
		{
			"Target": "Parameter",
			"Id": "ParamCowlick",
			"Segments": [
				0,
				0,
				0,
				2.2,
				0
			]
		},
		{
			"Target": "Parameter",
			"Id": "ParamHairOrnaments",
			"Segments": [
				0,
				0,
				0,
				2.2,
				0
			]
		},
		{
			"Target": "Parameter",
			"Id": "ParamCord",
			"Segments": [
				0,
				0,
				0,
				2.2,
				0
			]
		},
		{
			"Target": "Parameter",
			"Id": "ParamWaistRibbon",
			"Segments": [
				0,
				0,
				0,
				2.2,
				0
			]
		},
		{
			"Target": "Parameter",
			"Id": "ParamFlower",
			"Segments": [
				0,
				0,
				0,
				2.2,
				0
			]
		},
		{
			"Target": "Parameter",
			"Id": "ParamHem",
			"Segments": [
				0,
				0,
				0,
				2.2,
				0
			]
		},
		{
			"Target": "Parameter",
			"Id": "ParamMantle",
			"Segments": [
				0,
				0,
				0,
				2.2,
				0
			]
		},
		{
			"Target": "Parameter",
			"Id": "ParamArmLA01",
			"FadeInTime": 0.5,
			"Segments": [
				0,
				-5,
				1,
				0.056,
				-5,
				0.111,
				-5,
				0.167,
				-5,
				1,
				0.233,
				-5,
				0.3,
				-6,
				0.367,
				-6,
				1,
				0.433,
				-6,
				0.5,
				8,
				0.567,
				8,
				1,
				0.656,
				8,
				0.744,
				5.186,
				0.833,
				5.186,
				1,
				0.922,
				5.186,
				1.011,
				5.628,
				1.1,
				5.628,
				0,
				2.2,
				5.628
			]
		},
		{
			"Target": "Parameter",
			"Id": "ParamArmLA02",
			"FadeInTime": 0.5,
			"Segments": [
				0,
				0,
				1,
				0.056,
				0,
				0.111,
				0,
				0.167,
				0,
				1,
				0.244,
				0,
				0.322,
				-1.028,
				0.4,
				-1.028,
				1,
				0.467,
				-1.028,
				0.533,
				0,
				0.6,
				0,
				1,
				0.689,
				0,
				0.778,
				-1.028,
				0.867,
				-1.028,
				1,
				0.956,
				-1.028,
				1.044,
				-0.748,
				1.133,
				-0.748,
				0,
				2.2,
				-0.748
			]
		},
		{
			"Target": "Parameter",
			"Id": "ParamArmLA03",
			"FadeInTime": 0.5,
			"Segments": [
				0,
				15.2,
				1,
				0.056,
				15.2,
				0.111,
				15.2,
				0.167,
				15.2,
				1,
				0.256,
				15.2,
				0.344,
				11,
				0.433,
				11,
				1,
				0.511,
				11,
				0.589,
				16.169,
				0.667,
				16.169,
				1,
				0.744,
				16.169,
				0.822,
				11.576,
				0.9,
				11.576,
				1,
				0.989,
				11.576,
				1.078,
				12.034,
				1.167,
				12.034,
				0,
				2.2,
				12.034
			]
		},
		{
			"Target": "Parameter",
			"Id": "ParamArmRA01",
			"Segments": [
				0,
				-5,
				1,
				0.056,
				-5,
				0.111,
				-5,
				0.167,
				-5,
				0,
				2.2,
				-5
			]
		},
		{
			"Target": "Parameter",
			"Id": "ParamArmRA02",
			"Segments": [
				0,
				0,
				1,
				0.056,
				0,
				0.111,
				0,
				0.167,
				0,
				0,
				2.2,
				0
			]
		},
		{
			"Target": "Parameter",
			"Id": "ParamArmRA03",
			"Segments": [
				0,
				5,
				1,
				0.056,
				5,
				0.111,
				5,
				0.167,
				5,
				0,
				2.2,
				5
			]
		},
		{
			"Target": "Parameter",
			"Id": "ParamArmLB01",
			"Segments": [
				0,
				7,
				1,
				0.056,
				7,
				0.111,
				7,
				0.167,
				7,
				0,
				2.2,
				7
			]
		},
		{
			"Target": "Parameter",
			"Id": "ParamArmLB02",
			"Segments": [
				0,
				-10,
				1,
				0.056,
				-10,
				0.111,
				-10,
				0.167,
				-10,
				0,
				2.2,
				-10
			]
		},
		{
			"Target": "Parameter",
			"Id": "ParamArmLB03",
			"Segments": [
				0,
				6,
				1,
				0.056,
				6,
				0.111,
				6,
				0.167,
				6,
				0,
				2.2,
				6
			]
		},
		{
			"Target": "Parameter",
			"Id": "ParamArmRB01",
			"Segments": [
				0,
				10,
				1,
				0.056,
				10,
				0.111,
				10,
				0.167,
				10,
				1,
				0.233,
				10,
				0.3,
				7,
				0.367,
				7,
				1,
				0.433,
				7,
				0.5,
				16,
				0.567,
				16,
				1,
				0.644,
				16,
				0.722,
				10.5,
				0.8,
				10.5,
				1,
				0.911,
				10.5,
				1.022,
				11.049,
				1.133,
				11.049,
				0,
				2.2,
				11.049
			]
		},
		{
			"Target": "Parameter",
			"Id": "ParamArmRB02",
			"Segments": [
				0,
				1,
				1,
				0.056,
				1,
				0.111,
				1,
				0.167,
				1,
				1,
				0.244,
				1,
				0.322,
				-1.5,
				0.4,
				-1.5,
				1,
				0.467,
				-1.5,
				0.533,
				9,
				0.6,
				9,
				1,
				0.678,
				9,
				0.756,
				-4,
				0.833,
				-4,
				1,
				0.944,
				-4,
				1.056,
				-3.52,
				1.167,
				-3.52,
				0,
				2.2,
				-3.52
			]
		},
		{
			"Target": "Parameter",
			"Id": "ParamArmRB03",
			"Segments": [
				0,
				0,
				1,
				0.056,
				0,
				0.111,
				0,
				0.167,
				0,
				1,
				0.256,
				0,
				0.344,
				-2,
				0.433,
				-2,
				1,
				0.5,
				-2,
				0.567,
				7,
				0.633,
				7,
				1,
				0.711,
				7,
				0.789,
				2.5,
				0.867,
				2.5,
				1,
				0.978,
				2.5,
				1.089,
				4,
				1.2,
				4,
				0,
				2.2,
				4
			]
		},
		{
			"Target": "Parameter",
			"Id": "ParamArmLC01",
			"Segments": [
				0,
				0,
				1,
				0.056,
				0,
				0.111,
				0,
				0.167,
				0,
				0,
				2.2,
				0
			]
		},
		{
			"Target": "Parameter",
			"Id": "ParamArmLC02",
			"Segments": [
				0,
				0,
				1,
				0.056,
				0,
				0.111,
				0,
				0.167,
				0,
				0,
				2.2,
				0
			]
		},
		{
			"Target": "Parameter",
			"Id": "ParamArmLC03",
			"Segments": [
				0,
				0,
				1,
				0.056,
				0,
				0.111,
				0,
				0.167,
				0,
				0,
				2.2,
				0
			]
		},
		{
			"Target": "Parameter",
			"Id": "ParamArmRC01",
			"Segments": [
				0,
				-1.5,
				1,
				0.056,
				-1.5,
				0.111,
				-1.5,
				0.167,
				-1.5,
				0,
				2.2,
				-1.5
			]
		},
		{
			"Target": "Parameter",
			"Id": "ParamArmRC02",
			"Segments": [
				0,
				3.5,
				1,
				0.056,
				3.5,
				0.111,
				3.5,
				0.167,
				3.5,
				0,
				2.2,
				3.5
			]
		},
		{
			"Target": "Parameter",
			"Id": "ParamArmRC03",
			"Segments": [
				0,
				-13,
				1,
				0.056,
				-13,
				0.111,
				-13,
				0.167,
				-13,
				0,
				2.2,
				-13
			]
		},
		{
			"Target": "Parameter",
			"Id": "ParamHairBackR",
			"FadeInTime": 0.5,
			"Segments": [
				0,
				-0.4,
				1,
				0.056,
				-0.4,
				0.111,
				-0.4,
				0.167,
				-0.4,
				1,
				0.233,
				-0.4,
				0.3,
				-0.461,
				0.367,
				-0.461,
				1,
				0.433,
				-0.461,
				0.5,
				-0.2,
				0.567,
				-0.2,
				1,
				0.644,
				-0.2,
				0.722,
				-0.3,
				0.8,
				-0.3,
				0,
				2.2,
				-0.3
			]
		},
		{
			"Target": "Parameter",
			"Id": "ParamHairBackL",
			"FadeInTime": 0.5,
			"Segments": [
				0,
				0,
				1,
				0.056,
				0,
				0.111,
				0,
				0.167,
				0,
				0,
				2.2,
				0
			]
		},
		{
			"Target": "Parameter",
			"Id": "ParamSoulgem",
			"Segments": [
				0,
				0,
				0,
				2.2,
				0
			]
		},
		{
			"Target": "Parameter",
			"Id": "ParamLegL",
			"Segments": [
				0,
				3,
				1,
				0.056,
				3,
				0.111,
				3,
				0.167,
				3,
				1,
				0.233,
				3,
				0.3,
				1,
				0.367,
				1,
				1,
				0.5,
				1,
				0.633,
				4,
				0.767,
				4,
				0,
				2.2,
				4
			]
		},
		{
			"Target": "Parameter",
			"Id": "ParamLegR",
			"Segments": [
				0,
				3,
				1,
				0.056,
				3,
				0.111,
				3,
				0.167,
				3,
				1,
				0.233,
				3,
				0.3,
				2,
				0.367,
				2,
				1,
				0.5,
				2,
				0.633,
				4,
				0.767,
				4,
				0,
				2.2,
				4
			]
		},
		{
			"Target": "Parameter",
			"Id": "ParamAngleZAll",
			"Segments": [
				0,
				0,
				1,
				0.056,
				0,
				0.111,
				0,
				0.167,
				0,
				0,
				2.2,
				0
			]
		},
		{
			"Target": "Parameter",
			"Id": "ParamMoveLrAll",
			"Segments": [
				0,
				0,
				1,
				0.056,
				0,
				0.111,
				0,
				0.167,
				0,
				0,
				2.2,
				0
			]
		},
		{
			"Target": "Parameter",
			"Id": "ParamMoveUdAll",
			"Segments": [
				0,
				0,
				1,
				0.056,
				0,
				0.111,
				0,
				0.167,
				0,
				0,
				2.2,
				0
			]
		},
		{
			"Target": "PartOpacity",
			"Id": "Part01ArmLA00",
			"Segments": [
				0,
				1,
				0,
				2.2,
				1
			]
		},
		{
			"Target": "PartOpacity",
			"Id": "Part01ArmRA00",
			"Segments": [
				0,
				0,
				0,
				2.2,
				0
			]
		},
		{
			"Target": "PartOpacity",
			"Id": "Part01ArmLB00",
			"Segments": [
				0,
				0,
				0,
				2.2,
				0
			]
		},
		{
			"Target": "PartOpacity",
			"Id": "Part01ArmRB00",
			"Segments": [
				0,
				1,
				0,
				2.2,
				1
			]
		},
		{
			"Target": "PartOpacity",
			"Id": "Part01ArmLC00",
			"Segments": [
				0,
				0,
				0,
				2.2,
				0
			]
		},
		{
			"Target": "PartOpacity",
			"Id": "Part01ArmRC00",
			"Segments": [
				0,
				0,
				0,
				2.2,
				0
			]
		},
		{
			"Target": "PartOpacity",
			"Id": "Part01ArmLD00",
			"Segments": [
				0,
				0,
				0,
				2.2,
				0
			]
		},
		{
			"Target": "PartOpacity",
			"Id": "Part01ArmRD00",
			"Segments": [
				0,
				0,
				0,
				2.2,
				0
			]
		}
	]
}