{
	"Version": 3,
	"Meta": {
		"Duration": 14.13,
		"Fps": 30.0,
		"FadeInTime": 1.0,
		"FadeOutTime": 1.0,
		"Loop": true,
		"AreBeziersRestricted": false,
		"CurveCount": 94,
		"TotalSegmentCount": 190,
		"TotalPointCount": 620,
		"UserDataCount": 0,
		"TotalUserDataSize": 0
	},
	"Curves": [
		{
			"Target": "Parameter",
			"Id": "ParamAngleX",
			"Segments": [
				0,
				11.009,
				1,
				0.544,
				11.009,
				1.089,
				1.591,
				1.633,
				1.591,
				1,
				1.833,
				1.591,
				2.033,
				2.152,
				2.233,
				3.259,
				1,
				2.422,
				4.305,
				2.611,
				5.141,
				2.8,
				6.383,
				1,
				3.311,
				9.742,
				3.822,
				11.809,
				4.333,
				11.809,
				1,
				4.722,
				11.809,
				5.111,
				9.555,
				5.5,
				5.591,
				1,
				5.833,
				2.194,
				6.167,
				-1.999,
				6.5,
				-4.109,
				1,
				6.711,
				-5.445,
				6.922,
				-5.409,
				7.133,
				-5.409,
				1,
				7.5,
				-5.409,
				7.867,
				3.881,
				8.233,
				8.489,
				1,
				8.667,
				13.934,
				9.1,
				14.313,
				9.533,
				14.313,
				1,
				9.789,
				14.313,
				10.044,
				14.505,
				10.3,
				13.591,
				1,
				10.689,
				12.201,
				11.078,
				6.034,
				11.467,
				3.259,
				1,
				11.678,
				1.753,
				11.889,
				1.591,
				12.1,
				1.591,
				1,
				12.778,
				1.591,
				13.456,
				11.009,
				14.133,
				11.009
			]
		},
		{
			"Target": "Parameter",
			"Id": "ParamAngleY",
			"Segments": [
				0,
				0,
				1,
				0.744,
				0,
				1.489,
				28,
				2.233,
				28,
				1,
				2.578,
				28,
				2.922,
				20.394,
				3.267,
				20,
				1,
				4.078,
				19.073,
				4.889,
				18.882,
				5.7,
				18,
				1,
				6,
				17.674,
				6.3,
				14.047,
				6.6,
				14.047,
				1,
				6.8,
				14.047,
				7,
				14.458,
				7.2,
				14.458,
				1,
				7.567,
				14.458,
				7.933,
				4.356,
				8.3,
				-1.408,
				1,
				8.711,
				-7.871,
				9.122,
				-8.435,
				9.533,
				-8.435,
				1,
				10.2,
				-8.435,
				10.867,
				-0.301,
				11.533,
				12.881,
				1,
				11.744,
				17.055,
				11.956,
				18,
				12.167,
				18,
				1,
				12.822,
				18,
				13.478,
				0,
				14.133,
				0
			]
		},
		{
			"Target": "Parameter",
			"Id": "ParamAngleZ",
			"Segments": [
				0,
				-2.391,
				1,
				0.767,
				-2.391,
				1.533,
				-3.573,
				2.3,
				-8.387,
				1,
				2.633,
				-10.48,
				2.967,
				-14.391,
				3.3,
				-14.391,
				1,
				3.767,
				-14.391,
				4.233,
				7,
				4.7,
				7,
				1,
				5.267,
				7,
				5.833,
				-15.315,
				6.4,
				-21.425,
				1,
				6.889,
				-26.696,
				7.378,
				-26,
				7.867,
				-26,
				1,
				8.422,
				-26,
				8.978,
				9,
				9.533,
				9,
				1,
				9.933,
				9,
				10.333,
				-2.573,
				10.733,
				-5.995,
				1,
				11.078,
				-8.942,
				11.422,
				-8.556,
				11.767,
				-8.556,
				1,
				12.556,
				-8.556,
				13.344,
				-2.391,
				14.133,
				-2.391
			]
		},
		{
			"Target": "Parameter",
			"Id": "ParamEyeLOpen",
			"Segments": [
				0,
				1,
				1,
				4.711,
				1,
				9.422,
				1,
				14.133,
				1
			]
		},
		{
			"Target": "Parameter",
			"Id": "ParamEyeLSmile",
			"Segments": [
				0,
				0,
				1,
				4.711,
				0,
				9.422,
				0,
				14.133,
				0
			]
		},
		{
			"Target": "Parameter",
			"Id": "ParamEyeLForm",
			"Segments": [
				0,
				0,
				1,
				4.711,
				0,
				9.422,
				0,
				14.133,
				0
			]
		},
		{
			"Target": "Parameter",
			"Id": "ParamEyeROpen",
			"Segments": [
				0,
				1,
				1,
				4.711,
				1,
				9.422,
				1,
				14.133,
				1
			]
		},
		{
			"Target": "Parameter",
			"Id": "ParamEyeRSmile",
			"Segments": [
				0,
				0,
				1,
				4.711,
				0,
				9.422,
				0,
				14.133,
				0
			]
		},
		{
			"Target": "Parameter",
			"Id": "ParamEyeRForm",
			"Segments": [
				0,
				0,
				1,
				4.711,
				0,
				9.422,
				0,
				14.133,
				0
			]
		},
		{
			"Target": "Parameter",
			"Id": "ParamEyeBallX",
			"Segments": [
				0,
				-0.6,
				1,
				0.567,
				-0.6,
				1.133,
				0.06,
				1.7,
				0.06,
				1,
				2.044,
				0.06,
				2.389,
				-0.11,
				2.733,
				-0.11,
				1,
				2.922,
				-0.11,
				3.111,
				-0.09,
				3.3,
				-0.09,
				1,
				3.9,
				-0.09,
				4.5,
				-0.51,
				5.1,
				-0.51,
				1,
				5.422,
				-0.51,
				5.744,
				0.91,
				6.067,
				0.91,
				1,
				6.644,
				0.91,
				7.222,
				0.797,
				7.8,
				0.379,
				1,
				8.389,
				-0.048,
				8.978,
				-0.4,
				9.567,
				-0.4,
				1,
				9.911,
				-0.4,
				10.256,
				-0.385,
				10.6,
				-0.26,
				1,
				10.956,
				-0.131,
				11.311,
				0.03,
				11.667,
				0.03,
				1,
				11.933,
				0.03,
				12.2,
				0.055,
				12.467,
				-0.03,
				1,
				13.022,
				-0.206,
				13.578,
				-0.6,
				14.133,
				-0.6
			]
		},
		{
			"Target": "Parameter",
			"Id": "ParamEyeBallY",
			"Segments": [
				0,
				0,
				1,
				0.567,
				0,
				1.133,
				-0.032,
				1.7,
				-0.21,
				1,
				2.044,
				-0.318,
				2.389,
				-0.638,
				2.733,
				-0.79,
				1,
				2.922,
				-0.873,
				3.111,
				-0.88,
				3.3,
				-0.88,
				1,
				3.9,
				-0.88,
				4.5,
				-0.519,
				5.1,
				-0.33,
				1,
				5.422,
				-0.229,
				5.744,
				-0.255,
				6.067,
				-0.17,
				1,
				6.644,
				-0.018,
				7.222,
				0.17,
				7.8,
				0.17,
				1,
				8.389,
				0.17,
				8.978,
				0.13,
				9.567,
				0.13,
				1,
				9.911,
				0.13,
				10.256,
				0.25,
				10.6,
				0.25,
				1,
				10.956,
				0.25,
				11.311,
				0.23,
				11.667,
				0.13,
				1,
				11.933,
				0.055,
				12.2,
				-0.04,
				12.467,
				-0.04,
				1,
				13.022,
				-0.04,
				13.578,
				0,
				14.133,
				0
			]
		},
		{
			"Target": "Parameter",
			"Id": "ParamEyeballForm",
			"Segments": [
				0,
				0,
				1,
				4.711,
				0,
				9.422,
				0,
				14.133,
				0
			]
		},
		{
			"Target": "Parameter",
			"Id": "ParamTear",
			"Segments": [
				0,
				0,
				1,
				4.711,
				0,
				9.422,
				0,
				14.133,
				0
			]
		},
		{
			"Target": "Parameter",
			"Id": "ParamBrowLY",
			"Segments": [
				0,
				0,
				1,
				4.711,
				0,
				9.422,
				0,
				14.133,
				0
			]
		},
		{
			"Target": "Parameter",
			"Id": "ParamBrowRY",
			"Segments": [
				0,
				0,
				1,
				4.711,
				0,
				9.422,
				0,
				14.133,
				0
			]
		},
		{
			"Target": "Parameter",
			"Id": "ParamBrowLX",
			"Segments": [
				0,
				0,
				1,
				4.711,
				0,
				9.422,
				0,
				14.133,
				0
			]
		},
		{
			"Target": "Parameter",
			"Id": "ParamBrowRX",
			"Segments": [
				0,
				0,
				1,
				4.711,
				0,
				9.422,
				0,
				14.133,
				0
			]
		},
		{
			"Target": "Parameter",
			"Id": "ParamBrowLAngle",
			"Segments": [
				0,
				0,
				1,
				4.711,
				0,
				9.422,
				0,
				14.133,
				0
			]
		},
		{
			"Target": "Parameter",
			"Id": "ParamBrowRAngle",
			"Segments": [
				0,
				0,
				1,
				4.711,
				0,
				9.422,
				0,
				14.133,
				0
			]
		},
		{
			"Target": "Parameter",
			"Id": "ParamBrowLForm",
			"Segments": [
				0,
				0,
				1,
				4.711,
				0,
				9.422,
				0,
				14.133,
				0
			]
		},
		{
			"Target": "Parameter",
			"Id": "ParamBrowRForm",
			"Segments": [
				0,
				0,
				1,
				4.711,
				0,
				9.422,
				0,
				14.133,
				0
			]
		},
		{
			"Target": "Parameter",
			"Id": "ParamMouthForm",
			"Segments": [
				0,
				0,
				1,
				4.711,
				0,
				9.422,
				0,
				14.133,
				0
			]
		},
		{
			"Target": "Parameter",
			"Id": "ParamMouthOpenY",
			"Segments": [
				0,
				0,
				1,
				4.711,
				0,
				9.422,
				0,
				14.133,
				0
			]
		},
		{
			"Target": "Parameter",
			"Id": "ParamMouthForm2",
			"Segments": [
				0,
				0,
				1,
				4.711,
				0,
				9.422,
				0,
				14.133,
				0
			]
		},
		{
			"Target": "Parameter",
			"Id": "ParamCheek",
			"Segments": [
				0,
				0,
				1,
				4.711,
				0,
				9.422,
				0,
				14.133,
				0
			]
		},
		{
			"Target": "Parameter",
			"Id": "ParamBodyAngleX",
			"Segments": [
				0,
				8.431,
				1,
				0.511,
				9.953,
				1.022,
				10,
				1.533,
				10,
				1,
				2.222,
				10,
				2.911,
				9.976,
				3.6,
				9.791,
				1,
				4.044,
				9.672,
				4.489,
				9.476,
				4.933,
				9.061,
				1,
				5.3,
				8.719,
				5.667,
				4.833,
				6.033,
				2,
				1,
				6.267,
				0.197,
				6.5,
				-2,
				6.733,
				-2,
				1,
				7.6,
				-2,
				8.467,
				-0.07,
				9.333,
				0,
				1,
				9.889,
				0.045,
				10.444,
				0.027,
				11,
				0.027,
				1,
				11.311,
				0.027,
				11.622,
				-1.553,
				11.933,
				-1.553,
				1,
				12.144,
				-1.553,
				12.356,
				-1.105,
				12.567,
				0,
				1,
				13.089,
				2.734,
				13.611,
				6.877,
				14.133,
				8.431
			]
		},
		{
			"Target": "Parameter",
			"Id": "ParamBodyAngleY",
			"Segments": [
				0,
				0,
				1,
				0.278,
				0,
				0.556,
				-3,
				0.833,
				-3,
				1,
				1.267,
				-3,
				1.7,
				1,
				2.133,
				1,
				1,
				2.422,
				1,
				2.711,
				-4.226,
				3,
				-4.226,
				1,
				3.378,
				-4.226,
				3.756,
				-0.017,
				4.133,
				-0.017,
				1,
				4.589,
				-0.017,
				5.044,
				-5,
				5.5,
				-5,
				1,
				5.833,
				-5,
				6.167,
				-1.652,
				6.5,
				0,
				1,
				6.644,
				0.716,
				6.789,
				0.5,
				6.933,
				0.5,
				1,
				7.267,
				0.5,
				7.6,
				-3,
				7.933,
				-3,
				1,
				8.056,
				-3,
				8.178,
				-2.899,
				8.3,
				-2.397,
				1,
				8.656,
				-0.935,
				9.011,
				0,
				9.367,
				0,
				1,
				9.656,
				0,
				9.944,
				-3,
				10.233,
				-3,
				1,
				10.789,
				-3,
				11.344,
				1,
				11.9,
				1,
				1,
				12.278,
				1,
				12.656,
				-6,
				13.033,
				-6,
				1,
				13.4,
				-6,
				13.767,
				0,
				14.133,
				0
			]
		},
		{
			"Target": "Parameter",
			"Id": "ParamBodyAngleZ",
			"Segments": [
				0,
				2.4,
				1,
				0.622,
				2.4,
				1.244,
				1.819,
				1.867,
				-0.678,
				1,
				2.111,
				-1.659,
				2.356,
				-4,
				2.6,
				-4,
				1,
				3.156,
				-4,
				3.711,
				-1.122,
				4.267,
				2,
				1,
				4.411,
				2.812,
				4.556,
				2.847,
				4.7,
				3.325,
				1,
				4.856,
				3.841,
				5.011,
				4.567,
				5.167,
				5,
				1,
				5.678,
				6.424,
				6.189,
				7,
				6.7,
				7,
				1,
				7.233,
				7,
				7.767,
				6.879,
				8.3,
				6.216,
				1,
				8.656,
				5.775,
				9.011,
				5.321,
				9.367,
				4,
				1,
				10.056,
				1.44,
				10.744,
				-2.5,
				11.433,
				-2.5,
				1,
				11.678,
				-2.5,
				11.922,
				-2.675,
				12.167,
				-2,
				1,
				12.822,
				-0.19,
				13.478,
				2.4,
				14.133,
				2.4
			]
		},
		{
			"Target": "Parameter",
			"Id": "ParamBreath",
			"Segments": [
				0,
				0,
				1,
				4.711,
				0,
				9.422,
				0,
				14.133,
				0
			]
		},
		{
			"Target": "Parameter",
			"Id": "ParamHairFront",
			"Segments": [
				0,
				0,
				1,
				4.711,
				0,
				9.422,
				0,
				14.133,
				0
			]
		},
		{
			"Target": "Parameter",
			"Id": "ParamHairSide",
			"Segments": [
				0,
				0,
				1,
				4.711,
				0,
				9.422,
				0,
				14.133,
				0
			]
		},
		{
			"Target": "Parameter",
			"Id": "ParamHairBack",
			"Segments": [
				0,
				0,
				1,
				4.711,
				0,
				9.422,
				0,
				14.133,
				0
			]
		},
		{
			"Target": "Parameter",
			"Id": "ParamSkirt",
			"Segments": [
				0,
				0,
				1,
				4.711,
				0,
				9.422,
				0,
				14.133,
				0
			]
		},
		{
			"Target": "Parameter",
			"Id": "ParamBustY",
			"Segments": [
				0,
				0,
				1,
				4.711,
				0,
				9.422,
				0,
				14.133,
				0
			]
		},
		{
			"Target": "Parameter",
			"Id": "ParamCloth",
			"Segments": [
				0,
				0,
				1,
				4.711,
				0,
				9.422,
				0,
				14.133,
				0
			]
		},
		{
			"Target": "Parameter",
			"Id": "ParamRCloth",
			"Segments": [
				0,
				0,
				1,
				4.711,
				0,
				9.422,
				0,
				14.133,
				0
			]
		},
		{
			"Target": "Parameter",
			"Id": "ParamLCloth",
			"Segments": [
				0,
				0,
				1,
				4.711,
				0,
				9.422,
				0,
				14.133,
				0
			]
		},
		{
			"Target": "Parameter",
			"Id": "ParamClothRibbon",
			"Segments": [
				0,
				0,
				0,
				14.133,
				0
			]
		},
		{
			"Target": "Parameter",
			"Id": "ParamArmLA01",
			"Segments": [
				0,
				0,
				1,
				4.711,
				0,
				9.422,
				0,
				14.133,
				0
			]
		},
		{
			"Target": "Parameter",
			"Id": "ParamArmLA02",
			"Segments": [
				0,
				0,
				1,
				4.711,
				0,
				9.422,
				0,
				14.133,
				0
			]
		},
		{
			"Target": "Parameter",
			"Id": "ParamArmLA03",
			"Segments": [
				0,
				0,
				1,
				4.711,
				0,
				9.422,
				0,
				14.133,
				0
			]
		},
		{
			"Target": "Parameter",
			"Id": "ParamArmRA01",
			"Segments": [
				0,
				0,
				1,
				4.711,
				0,
				9.422,
				0,
				14.133,
				0
			]
		},
		{
			"Target": "Parameter",
			"Id": "ParamArmRA02",
			"Segments": [
				0,
				0,
				1,
				4.711,
				0,
				9.422,
				0,
				14.133,
				0
			]
		},
		{
			"Target": "Parameter",
			"Id": "ParamArmRA03",
			"Segments": [
				0,
				0,
				1,
				4.711,
				0,
				9.422,
				0,
				14.133,
				0
			]
		},
		{
			"Target": "Parameter",
			"Id": "ParamArmLB01",
			"Segments": [
				0,
				4,
				1,
				4.189,
				4,
				8.378,
				0,
				12.567,
				0,
				1,
				13.089,
				0,
				13.611,
				4,
				14.133,
				4
			]
		},
		{
			"Target": "Parameter",
			"Id": "ParamArmLB02",
			"Segments": [
				0,
				-4,
				1,
				0.567,
				-4,
				1.133,
				-5,
				1.7,
				-5,
				1,
				1.9,
				-5,
				2.1,
				-5.022,
				2.3,
				-4.885,
				1,
				2.956,
				-4.436,
				3.611,
				-4,
				4.267,
				-4,
				1,
				4.478,
				-4,
				4.689,
				-3.996,
				4.9,
				-4.156,
				1,
				5.5,
				-4.612,
				6.1,
				-5,
				6.7,
				-5,
				1,
				7.233,
				-5,
				7.767,
				-4.729,
				8.3,
				-4.336,
				1,
				8.656,
				-4.074,
				9.011,
				-4,
				9.367,
				-4,
				1,
				10.089,
				-4,
				10.811,
				-4.425,
				11.533,
				-4.885,
				1,
				11.744,
				-5.019,
				11.956,
				-5,
				12.167,
				-5,
				1,
				12.822,
				-5,
				13.478,
				-4,
				14.133,
				-4
			]
		},
		{
			"Target": "Parameter",
			"Id": "ParamArmLB03",
			"Segments": [
				0,
				8,
				1,
				4.711,
				8,
				9.422,
				8,
				14.133,
				8
			]
		},
		{
			"Target": "Parameter",
			"Id": "ParamArmRB01",
			"Segments": [
				0,
				2,
				1,
				0.444,
				2,
				0.889,
				3.525,
				1.333,
				3.72,
				1,
				2.522,
				4.242,
				3.711,
				4.874,
				4.9,
				4.914,
				1,
				6.389,
				4.963,
				7.878,
				4.958,
				9.367,
				5,
				1,
				10.089,
				5.02,
				10.811,
				5.885,
				11.533,
				5.885,
				1,
				12.4,
				5.885,
				13.267,
				2,
				14.133,
				2
			]
		},
		{
			"Target": "Parameter",
			"Id": "ParamArmRB02",
			"Segments": [
				0,
				-5,
				1,
				4.711,
				-5,
				9.422,
				-5,
				14.133,
				-5
			]
		},
		{
			"Target": "Parameter",
			"Id": "ParamArmRB03",
			"Segments": [
				0,
				8,
				1,
				0.3,
				8,
				0.6,
				4,
				0.9,
				4,
				1,
				5.311,
				4,
				9.722,
				8,
				14.133,
				8
			]
		},
		{
			"Target": "Parameter",
			"Id": "ParamArmRC01",
			"Segments": [
				0,
				0,
				1,
				4.711,
				0,
				9.422,
				0,
				14.133,
				0
			]
		},
		{
			"Target": "Parameter",
			"Id": "ParamArmRC02",
			"Segments": [
				0,
				0,
				1,
				4.711,
				0,
				9.422,
				0,
				14.133,
				0
			]
		},
		{
			"Target": "Parameter",
			"Id": "ParamArmRC03",
			"Segments": [
				0,
				0,
				1,
				4.711,
				0,
				9.422,
				0,
				14.133,
				0
			]
		},
		{
			"Target": "Parameter",
			"Id": "ParamArmLD01",
			"Segments": [
				0,
				0,
				1,
				4.711,
				0,
				9.422,
				0,
				14.133,
				0
			]
		},
		{
			"Target": "Parameter",
			"Id": "ParamArmLD02",
			"Segments": [
				0,
				0,
				1,
				4.711,
				0,
				9.422,
				0,
				14.133,
				0
			]
		},
		{
			"Target": "Parameter",
			"Id": "ParamArmLD03",
			"Segments": [
				0,
				0,
				1,
				4.711,
				0,
				9.422,
				0,
				14.133,
				0
			]
		},
		{
			"Target": "Parameter",
			"Id": "ParamArmRD01",
			"Segments": [
				0,
				0,
				1,
				4.711,
				0,
				9.422,
				0,
				14.133,
				0
			]
		},
		{
			"Target": "Parameter",
			"Id": "ParamArmRD02",
			"Segments": [
				0,
				0,
				1,
				4.711,
				0,
				9.422,
				0,
				14.133,
				0
			]
		},
		{
			"Target": "Parameter",
			"Id": "ParamArmRD03",
			"Segments": [
				0,
				0,
				1,
				4.711,
				0,
				9.422,
				0,
				14.133,
				0
			]
		},
		{
			"Target": "Parameter",
			"Id": "ParamArmLE01",
			"Segments": [
				0,
				0,
				1,
				4.711,
				0,
				9.422,
				0,
				14.133,
				0
			]
		},
		{
			"Target": "Parameter",
			"Id": "ParamArmLE02",
			"Segments": [
				0,
				0,
				1,
				4.711,
				0,
				9.422,
				0,
				14.133,
				0
			]
		},
		{
			"Target": "Parameter",
			"Id": "ParamArmLE03",
			"Segments": [
				0,
				0,
				1,
				4.711,
				0,
				9.422,
				0,
				14.133,
				0
			]
		},
		{
			"Target": "Parameter",
			"Id": "ParamArmRE01",
			"Segments": [
				0,
				0,
				1,
				4.711,
				0,
				9.422,
				0,
				14.133,
				0
			]
		},
		{
			"Target": "Parameter",
			"Id": "ParamArmRE02",
			"Segments": [
				0,
				0,
				1,
				4.711,
				0,
				9.422,
				0,
				14.133,
				0
			]
		},
		{
			"Target": "Parameter",
			"Id": "ParamArmRE03",
			"Segments": [
				0,
				0,
				1,
				4.711,
				0,
				9.422,
				0,
				14.133,
				0
			]
		},
		{
			"Target": "Parameter",
			"Id": "ParamArmRF01",
			"Segments": [
				0,
				0,
				1,
				4.711,
				0,
				9.422,
				0,
				14.133,
				0
			]
		},
		{
			"Target": "Parameter",
			"Id": "ParamArmRF02",
			"Segments": [
				0,
				0,
				1,
				4.711,
				0,
				9.422,
				0,
				14.133,
				0
			]
		},
		{
			"Target": "Parameter",
			"Id": "ParamArmRF03",
			"Segments": [
				0,
				0,
				1,
				4.711,
				0,
				9.422,
				0,
				14.133,
				0
			]
		},
		{
			"Target": "Parameter",
			"Id": "ParamSoulgem",
			"Segments": [
				0,
				1,
				0,
				14.133,
				1
			]
		},
		{
			"Target": "Parameter",
			"Id": "ParamLegL",
			"Segments": [
				0,
				0,
				1,
				4.711,
				0,
				9.422,
				0,
				14.133,
				0
			]
		},
		{
			"Target": "Parameter",
			"Id": "ParamLegR",
			"Segments": [
				0,
				0,
				1,
				4.711,
				0,
				9.422,
				0,
				14.133,
				0
			]
		},
		{
			"Target": "Parameter",
			"Id": "ParamAngleZAll",
			"Segments": [
				0,
				0,
				1,
				4.711,
				0,
				9.422,
				0,
				14.133,
				0
			]
		},
		{
			"Target": "Parameter",
			"Id": "ParamMoveUdAll",
			"Segments": [
				0,
				0,
				1,
				4.711,
				0,
				9.422,
				0,
				14.133,
				0
			]
		},
		{
			"Target": "Parameter",
			"Id": "ParamMoveLrAll",
			"Segments": [
				0,
				0,
				1,
				4.711,
				0,
				9.422,
				0,
				14.133,
				0
			]
		},
		{
			"Target": "PartOpacity",
			"Id": "Part01ArmRA01",
			"Segments": [
				0,
				0,
				0,
				14.13,
				0
			]
		},
		{
			"Target": "PartOpacity",
			"Id": "Part01ArmLA01",
			"Segments": [
				0,
				0,
				0,
				14.13,
				0
			]
		},
		{
			"Target": "PartOpacity",
			"Id": "Part01ArmRB01",
			"Segments": [
				0,
				1,
				0,
				14.13,
				1
			]
		},
		{
			"Target": "PartOpacity",
			"Id": "Part01ArmLB01",
			"Segments": [
				0,
				1,
				0,
				14.13,
				1
			]
		},
		{
			"Target": "PartOpacity",
			"Id": "Part01ArmRC01",
			"Segments": [
				0,
				0,
				0,
				14.13,
				0
			]
		},
		{
			"Target": "PartOpacity",
			"Id": "Part01ArmRD01",
			"Segments": [
				0,
				0,
				0,
				14.13,
				0
			]
		},
		{
			"Target": "PartOpacity",
			"Id": "Part01ArmLD01",
			"Segments": [
				0,
				0,
				0,
				14.13,
				0
			]
		},
		{
			"Target": "PartOpacity",
			"Id": "Part01ArmRE01",
			"Segments": [
				0,
				0,
				0,
				14.13,
				0
			]
		},
		{
			"Target": "PartOpacity",
			"Id": "Part01ArmLE01",
			"Segments": [
				0,
				0,
				0,
				14.13,
				0
			]
		},
		{
			"Target": "PartOpacity",
			"Id": "Part01ArmRF01",
			"Segments": [
				0,
				0,
				0,
				14.13,
				0
			]
		},
		{
			"Target": "PartOpacity",
			"Id": "Part01ArmRA00",
			"Segments": [
				0,
				0,
				0,
				14.13,
				0
			]
		},
		{
			"Target": "PartOpacity",
			"Id": "Part01ArmLA00",
			"Segments": [
				0,
				0,
				0,
				14.13,
				0
			]
		},
		{
			"Target": "PartOpacity",
			"Id": "Part01ArmRB00",
			"Segments": [
				0,
				1,
				0,
				14.13,
				1
			]
		},
		{
			"Target": "PartOpacity",
			"Id": "Part01ArmLB00",
			"Segments": [
				0,
				1,
				0,
				14.13,
				1
			]
		},
		{
			"Target": "PartOpacity",
			"Id": "Part01ArmRC00",
			"Segments": [
				0,
				0,
				0,
				14.13,
				0
			]
		},
		{
			"Target": "PartOpacity",
			"Id": "Part01ArmRD00",
			"Segments": [
				0,
				0,
				0,
				14.13,
				0
			]
		},
		{
			"Target": "PartOpacity",
			"Id": "Part01ArmLD00",
			"Segments": [
				0,
				0,
				0,
				14.13,
				0
			]
		},
		{
			"Target": "PartOpacity",
			"Id": "Part01ArmRE00",
			"Segments": [
				0,
				0,
				0,
				14.13,
				0
			]
		},
		{
			"Target": "PartOpacity",
			"Id": "Part01ArmLE00",
			"Segments": [
				0,
				0,
				0,
				14.13,
				0
			]
		},
		{
			"Target": "PartOpacity",
			"Id": "Part01ArmRF00",
			"Segments": [
				0,
				0,
				0,
				14.13,
				0
			]
		}
	]
}