{
	"Type": "Live2D Pose",
	"FadeInTime": 0.2,
	"Groups": [
		[
			{
				"Id": "Part01ArmLA00",
				"Link": []
			},
			{
				"Id": "Part01ArmLB00",
				"Link": []
			},
			{
				"Id": "Part01ArmLC00",
				"Link": []
			},
			{
				"Id": "Part01ArmLD00",
				"Link": []
			}
		],
		[
			{
				"Id": "Part01ArmRA00",
				"Link": []
			},
			{
				"Id": "Part01ArmRB00",
				"Link": []
			},
			{
				"Id": "Part01ArmRC00",
				"Link": []
			},
			{
				"Id": "Part01ArmRD00",
				"Link": []
			}
		]
	]
}